{
  "version": 1,
  "timestamp": "2026-03-30T17:38:47",
  "frame": 29,
  "label": "good",
  "note": "I think this head is good, nose feels a tiny bit off to me but that could be preference, I think this fits our style",
  "chaos_joints": {
    "JawBind": {
      "location": [
        0.0,
        0.0,
        0.0
      ],
      "rotation_quaternion": [
        1.0,
        0.0,
        0.0,
        0.0
      ],
      "scale": [
        1.03720223903656,
        0.9939822554588318,
        1.0
      ]
    },
    "MouthBind": {
      "location": [
        0.0,
        0.0,
        0.0
      ],
      "rotation_quaternion": [
        1.0,
        0.0,
        0.0,
        0.0
      ],
      "scale": [
        0.97529536485672,
        1.1926807165145874,
        1.0
      ]
    },
    "MouthInnerBind": {
      "location": [
        0.0,
        0.0011534476652741432,
        0.0
      ],
      "rotation_quaternion": [
        1.0,
        0.0,
        0.0,
        0.0
      ],
      "scale": [
        0.9312294721603394,
        1.0689517259597778,
        1.0
      ]
    },
    "NoseBind": {
      "location": [
        0.0,
        -0.003358344081789255,
        0.0
      ],
      "rotation_quaternion": [
        0.9997050166130066,
        -0.02428806759417057,
        0.0,
        0.0
      ],
      "scale": [
        1.0678921937942505,
        0.7822364568710327,
        0.8590878248214722
      ]
    },
    "LeftBrowBind": {
      "location": [
        -0.00011136367538711056,
        0.0,
        0.0
      ],
      "rotation_quaternion": [
        0.9995673298835754,
        0.027964375913143158,
        -0.00911711249500513,
        0.00025506471865810454
      ],
      "scale": [
        1.0089306831359863,
        1.1480944156646729,
        1.0
      ]
    },
    "RightBrowBind": {
      "location": [
        0.00011136367538711056,
        0.0,
        0.0
      ],
      "rotation_quaternion": [
        0.9995673298835754,
        0.027964375913143158,
        0.00911711249500513,
        -0.00025506471865810454
      ],
      "scale": [
        1.0089306831359863,
        1.1480944156646729,
        1.0
      ]
    },
    "RightEyeSocketBind": {
      "location": [
        0.0030356699135154486,
        0.00355684757232666,
        0.0
      ],
      "rotation_quaternion": [
        0.999893307685852,
        0.0,
        0.0,
        0.014605448581278324
      ],
      "scale": [
        0.9323456287384033,
        0.968965470790863,
        1.0
      ]
    },
    "LeftEyeSocketBind": {
      "location": [
        -0.0030356699135154486,
        0.00355684757232666,
        0.0
      ],
      "rotation_quaternion": [
        0.999893307685852,
        0.0,
        0.0,
        -0.014605448581278324
      ],
      "scale": [
        0.9323456287384033,
        0.968965470790863,
        1.0
      ]
    },
    "FaceBind": {
      "location": [
        0.0,
        0.001609087805263698,
        0.0037046095822006464
      ],
      "rotation_quaternion": [
        1.0,
        0.0,
        0.0,
        0.0
      ],
      "scale": [
        0.9916025400161743,
        0.9807199835777283,
        0.9864486455917358
      ]
    },
    "NeckBind": {
      "location": [
        0.0,
        0.0,
        0.0
      ],
      "rotation_quaternion": [
        1.0,
        0.0,
        0.0,
        0.0
      ],
      "scale": [
        1.0964553356170654,
        1.0,
        1.087012767791748
      ]
    }
  },
  "variation_shapes": {
    "eyes_female_varGp01A": 0.0,
    "eyes_female_varGp01B": 0.3365112543106079,
    "eyes_female_varGp01C": 0.0,
    "eyes_female_varGp01E": 0.0,
    "eyes_female_varGp01G": 0.0,
    "eyes_female_varGp01I": 0.0,
    "eyes_male_varGp01D": 0.0,
    "eyes_male_varGp01F": 0.0,
    "eyes_male_varGp01H": 0.3626110255718231,
    "eyes_male_varGp01J": 0.30087772011756897,
    "eyes_male_varGp01K": 0.0,
    "eyes_male_varGp01L": 0.0,
    "jaw_female_varGp01A": 0.43826156854629517,
    "jaw_female_varGp01B": 0.0,
    "jaw_female_varGp01D": 0.0,
    "jaw_female_varGp01F": 0.0,
    "jaw_female_varGp01H": 0.5617384314537048,
    "jaw_female_varGp01K": 0.0,
    "jaw_male_varGp01A": 0.0,
    "jaw_male_varGp01D": 0.0,
    "jaw_male_varGp01E": 0.0,
    "jaw_male_varGp01H": 0.0,
    "jaw_male_varGp01K": 0.0,
    "jaw_male_varGp01L": 0.0,
    "lips_female_varGp01C": 0.0,
    "lips_female_varGp01D": 0.0,
    "lips_female_varGp01E": 0.0,
    "lips_female_varGp01F": 0.0,
    "lips_female_varGp01I": 0.0,
    "lips_female_varGp01J": 0.0,
    "lips_male_varGp01D": 0.0,
    "lips_male_varGp01F": 0.0,
    "lips_male_varGp01G": 1.0,
    "lips_male_varGp01H": 0.0,
    "lips_male_varGp01I": 0.0,
    "lips_male_varGp01K": 0.0,
    "nose_female_varGp01A": 0.0,
    "nose_female_varGp01C": 0.0,
    "nose_female_varGp01D": 0.0,
    "nose_female_varGp01F": 0.0,
    "nose_female_varGp01H": 0.3772825300693512,
    "nose_female_varGp01K": 0.43907037377357483,
    "nose_male_varGp01A": 0.0,
    "nose_male_varGp01D": 0.0,
    "nose_male_varGp01E": 0.0,
    "nose_male_varGp01G": 0.18364708125591278,
    "nose_male_varGp01I": 0.0,
    "nose_male_varGp01K": 0.0
  },
  "expression_shapes": {
    "BROW_LOWERER_L": 0.0,
    "BROW_LOWERER_R": 0.0,
    "CHEEK_PUFF_L": 0.08941447734832764,
    "CHEEK_PUFF_R": 0.08941447734832764,
    "CHEEK_RAISER_L": 0.0,
    "CHEEK_RAISER_R": 0.0,
    "CHEEK_SUCK_L": 0.0,
    "CHEEK_SUCK_R": 0.0,
    "CHIN_DEPRESSOR_B": 0.0,
    "CHIN_RAISER_B": 0.0,
    "CHIN_RAISER_T": 0.0,
    "DIMPLER_L": 0.0,
    "DIMPLER_R": 0.0,
    "EYES_CLOSED_L": 0.0,
    "EYES_CLOSED_R": 0.0,
    "EYES_LOOK_DOWN_L": 0.0,
    "EYES_LOOK_DOWN_R": 0.0,
    "EYES_LOOK_LEFT_L": 0.0,
    "EYES_LOOK_LEFT_R": 0.0,
    "EYES_LOOK_RIGHT_L": 0.0,
    "EYES_LOOK_RIGHT_R": 0.0,
    "EYES_LOOK_UP_L": 0.0,
    "EYES_LOOK_UP_R": 0.0,
    "INNER_BROW_CONTRACTOR_L": 0.0,
    "INNER_BROW_CONTRACTOR_R": 0.0,
    "INNER_BROW_RAISER_L": 0.0,
    "INNER_BROW_RAISER_R": 0.0,
    "JAW_COMPRESSOR": 0.0,
    "JAW_DROP": 0.0,
    "JAW_RETREAT": 0.0,
    "JAW_SIDEWAYS_LEFT": 0.0,
    "JAW_SIDEWAYS_RIGHT": 0.0,
    "JAW_THRUST": 0.0,
    "LID_TIGHTENER_L": 0.0,
    "LID_TIGHTENER_R": 0.0,
    "LIPS_TOWARD": 0.0,
    "LIP_CORNER_DEPRESSOR_L": 0.0,
    "LIP_CORNER_DEPRESSOR_R": 0.0,
    "LIP_CORNER_PULLER_L": 0.0,
    "LIP_CORNER_PULLER_R": 0.0,
    "LIP_FUNNELER_LB": 0.0,
    "LIP_FUNNELER_LT": 0.0,
    "LIP_FUNNELER_RB": 0.0,
    "LIP_FUNNELER_RT": 0.0,
    "LIP_PRESSOR_L": 0.0,
    "LIP_PRESSOR_R": 0.0,
    "LIP_PUCKER_L": 0.0,
    "LIP_PUCKER_R": 0.0,
    "LIP_STRETCHER_L": 0.0,
    "LIP_STRETCHER_R": 0.0,
    "LIP_SUCK_LB": 0.0,
    "LIP_SUCK_LT": 0.0,
    "LIP_SUCK_RB": 0.0,
    "LIP_SUCK_RT": 0.0,
    "LIP_TIGHTENER_L": 0.0,
    "LIP_TIGHTENER_R": 0.0,
    "LOWER_LIP_DEPRESSOR_L": 0.0,
    "LOWER_LIP_DEPRESSOR_R": 0.0,
    "MOUTH_LEFT": 0.0,
    "MOUTH_LOWERER": 0.0,
    "MOUTH_RAISER": 0.0,
    "MOUTH_RIGHT": 0.0,
    "NOSE_WRINKLER_L": 0.0,
    "NOSE_WRINKLER_R": 0.0,
    "OUTER_BROW_RAISER_L": 0.0,
    "OUTER_BROW_RAISER_R": 0.0,
    "UPPER_LID_RAISER_L": 0.0,
    "UPPER_LID_RAISER_R": 0.0,
    "UPPER_LIP_RAISER_L": 0.0,
    "UPPER_LIP_RAISER_R": 0.0
  },
  "rules_snapshot": {}
}