{
  "version": 1,
  "timestamp": "2026-03-30T18:14:07",
  "frame": 97,
  "label": "good",
  "note": "one of the few heads where the eye rotation is not destracting, but probably still to extreme. not sure why it works.",
  "chaos_joints": {
    "JawBind": {
      "location": [
        0.0,
        0.0,
        0.0
      ],
      "rotation_quaternion": [
        1.0,
        0.0,
        0.0,
        0.0
      ],
      "scale": [
        1.0333372354507446,
        1.0148295164108276,
        1.0
      ]
    },
    "MouthBind": {
      "location": [
        0.0,
        0.0,
        0.0
      ],
      "rotation_quaternion": [
        1.0,
        0.0,
        0.0,
        0.0
      ],
      "scale": [
        0.9891141057014465,
        0.7711805105209351,
        1.0
      ]
    },
    "MouthInnerBind": {
      "location": [
        0.0,
        -0.0011862554820254445,
        0.0
      ],
      "rotation_quaternion": [
        1.0,
        0.0,
        0.0,
        0.0
      ],
      "scale": [
        1.0130261182785034,
        0.9680484533309937,
        1.0
      ]
    },
    "NoseBind": {
      "location": [
        0.0,
        0.003540885867550969,
        0.0
      ],
      "rotation_quaternion": [
        0.996560275554657,
        0.08287126570940018,
        0.0,
        0.0
      ],
      "scale": [
        0.9144735932350159,
        1.1854740381240845,
        1.1123511791229248
      ]
    },
    "LeftBrowBind": {
      "location": [
        -0.0008779318304732442,
        0.0,
        0.0
      ],
      "rotation_quaternion": [
        0.9992254972457886,
        0.031136730685830116,
        0.024049825966358185,
        -0.0007494133897125721
      ],
      "scale": [
        1.028160810470581,
        1.1645504236221313,
        1.0
      ]
    },
    "RightBrowBind": {
      "location": [
        0.0008779318304732442,
        0.0,
        0.0
      ],
      "rotation_quaternion": [
        0.9992254972457886,
        0.031136730685830116,
        -0.024049825966358185,
        0.0007494133897125721
      ],
      "scale": [
        1.028160810470581,
        1.1645504236221313,
        1.0
      ]
    },
    "RightEyeSocketBind": {
      "location": [
        -0.0013662673300132155,
        -0.002908902708441019,
        0.0
      ],
      "rotation_quaternion": [
        0.9962827563285828,
        0.0,
        0.0,
        0.08614344894886017
      ],
      "scale": [
        0.9966458678245544,
        1.0725574493408203,
        1.0
      ]
    },
    "LeftEyeSocketBind": {
      "location": [
        0.0013662673300132155,
        -0.002908902708441019,
        0.0
      ],
      "rotation_quaternion": [
        0.9962827563285828,
        0.0,
        0.0,
        -0.08614344894886017
      ],
      "scale": [
        0.9966458678245544,
        1.0725574493408203,
        1.0
      ]
    },
    "FaceBind": {
      "location": [
        0.0,
        0.002332024509087205,
        -0.0044517507776618
      ],
      "rotation_quaternion": [
        1.0,
        0.0,
        0.0,
        0.0
      ],
      "scale": [
        0.987073540687561,
        1.0017144680023193,
        1.0080785751342773
      ]
    },
    "NeckBind": {
      "location": [
        0.0,
        0.0,
        0.0
      ],
      "rotation_quaternion": [
        1.0,
        0.0,
        0.0,
        0.0
      ],
      "scale": [
        1.0811573266983032,
        1.0,
        1.0866167545318604
      ]
    }
  },
  "variation_shapes": {
    "eyes_female_varGp01A": 0.0,
    "eyes_female_varGp01B": 0.0,
    "eyes_female_varGp01C": 0.0,
    "eyes_female_varGp01E": 0.0,
    "eyes_female_varGp01G": 0.0,
    "eyes_female_varGp01I": 0.21685509383678436,
    "eyes_male_varGp01D": 0.34810203313827515,
    "eyes_male_varGp01F": 0.0,
    "eyes_male_varGp01H": 0.26467040181159973,
    "eyes_male_varGp01J": 0.0,
    "eyes_male_varGp01K": 0.17037245631217957,
    "eyes_male_varGp01L": 0.0,
    "jaw_female_varGp01A": 0.0,
    "jaw_female_varGp01B": 0.0,
    "jaw_female_varGp01D": 0.0,
    "jaw_female_varGp01F": 0.0,
    "jaw_female_varGp01H": 0.0,
    "jaw_female_varGp01K": 0.0,
    "jaw_male_varGp01A": 0.0,
    "jaw_male_varGp01D": 0.0,
    "jaw_male_varGp01E": 1.0,
    "jaw_male_varGp01H": 0.0,
    "jaw_male_varGp01K": 0.0,
    "jaw_male_varGp01L": 0.0,
    "lips_female_varGp01C": 0.0,
    "lips_female_varGp01D": 0.0,
    "lips_female_varGp01E": 0.0,
    "lips_female_varGp01F": 0.0,
    "lips_female_varGp01I": 0.0,
    "lips_female_varGp01J": 1.0,
    "lips_male_varGp01D": 0.0,
    "lips_male_varGp01F": 0.0,
    "lips_male_varGp01G": 0.0,
    "lips_male_varGp01H": 0.0,
    "lips_male_varGp01I": 0.0,
    "lips_male_varGp01K": 0.0,
    "nose_female_varGp01A": 0.6796801090240479,
    "nose_female_varGp01C": 0.0,
    "nose_female_varGp01D": 0.0,
    "nose_female_varGp01F": 0.0,
    "nose_female_varGp01H": 0.0,
    "nose_female_varGp01K": 0.0,
    "nose_male_varGp01A": 0.01294243149459362,
    "nose_male_varGp01D": 0.3073774576187134,
    "nose_male_varGp01E": 0.0,
    "nose_male_varGp01G": 0.0,
    "nose_male_varGp01I": 0.0,
    "nose_male_varGp01K": 0.0
  },
  "expression_shapes": {
    "BROW_LOWERER_L": 0.0,
    "BROW_LOWERER_R": 0.0,
    "CHEEK_PUFF_L": 0.03854283317923546,
    "CHEEK_PUFF_R": 0.03854283317923546,
    "CHEEK_RAISER_L": 0.0,
    "CHEEK_RAISER_R": 0.0,
    "CHEEK_SUCK_L": 0.0,
    "CHEEK_SUCK_R": 0.0,
    "CHIN_DEPRESSOR_B": 0.0,
    "CHIN_RAISER_B": 0.0,
    "CHIN_RAISER_T": 0.0,
    "DIMPLER_L": 0.0,
    "DIMPLER_R": 0.0,
    "EYES_CLOSED_L": 0.0,
    "EYES_CLOSED_R": 0.0,
    "EYES_LOOK_DOWN_L": 0.0,
    "EYES_LOOK_DOWN_R": 0.0,
    "EYES_LOOK_LEFT_L": 0.0,
    "EYES_LOOK_LEFT_R": 0.0,
    "EYES_LOOK_RIGHT_L": 0.0,
    "EYES_LOOK_RIGHT_R": 0.0,
    "EYES_LOOK_UP_L": 0.0,
    "EYES_LOOK_UP_R": 0.0,
    "INNER_BROW_CONTRACTOR_L": 0.0,
    "INNER_BROW_CONTRACTOR_R": 0.0,
    "INNER_BROW_RAISER_L": 0.0,
    "INNER_BROW_RAISER_R": 0.0,
    "JAW_COMPRESSOR": 0.0,
    "JAW_DROP": 0.0,
    "JAW_RETREAT": 0.0,
    "JAW_SIDEWAYS_LEFT": 0.0,
    "JAW_SIDEWAYS_RIGHT": 0.0,
    "JAW_THRUST": 0.0,
    "LID_TIGHTENER_L": 0.0,
    "LID_TIGHTENER_R": 0.0,
    "LIPS_TOWARD": 0.0,
    "LIP_CORNER_DEPRESSOR_L": 0.0,
    "LIP_CORNER_DEPRESSOR_R": 0.0,
    "LIP_CORNER_PULLER_L": 0.0,
    "LIP_CORNER_PULLER_R": 0.0,
    "LIP_FUNNELER_LB": 0.0,
    "LIP_FUNNELER_LT": 0.0,
    "LIP_FUNNELER_RB": 0.0,
    "LIP_FUNNELER_RT": 0.0,
    "LIP_PRESSOR_L": 0.0,
    "LIP_PRESSOR_R": 0.0,
    "LIP_PUCKER_L": 0.0,
    "LIP_PUCKER_R": 0.0,
    "LIP_STRETCHER_L": 0.0,
    "LIP_STRETCHER_R": 0.0,
    "LIP_SUCK_LB": 0.0,
    "LIP_SUCK_LT": 0.0,
    "LIP_SUCK_RB": 0.0,
    "LIP_SUCK_RT": 0.0,
    "LIP_TIGHTENER_L": 0.0,
    "LIP_TIGHTENER_R": 0.0,
    "LOWER_LIP_DEPRESSOR_L": 0.0,
    "LOWER_LIP_DEPRESSOR_R": 0.0,
    "MOUTH_LEFT": 0.0,
    "MOUTH_LOWERER": 0.0,
    "MOUTH_RAISER": 0.0,
    "MOUTH_RIGHT": 0.0,
    "NOSE_WRINKLER_L": 0.0,
    "NOSE_WRINKLER_R": 0.0,
    "OUTER_BROW_RAISER_L": 0.0,
    "OUTER_BROW_RAISER_R": 0.0,
    "UPPER_LID_RAISER_L": 0.0,
    "UPPER_LID_RAISER_R": 0.0,
    "UPPER_LIP_RAISER_L": 0.0,
    "UPPER_LIP_RAISER_R": 0.0
  },
  "rules_snapshot": {}
}