{
  "version": 1,
  "timestamp": "2026-03-30T18:10:51",
  "frame": 91,
  "label": "good",
  "note": "a tiny bit androdginess, but otherwise good",
  "chaos_joints": {
    "JawBind": {
      "location": [
        0.0,
        0.0,
        0.0
      ],
      "rotation_quaternion": [
        1.0,
        0.0,
        0.0,
        0.0
      ],
      "scale": [
        0.9511371850967407,
        1.0131607055664062,
        1.0
      ]
    },
    "MouthBind": {
      "location": [
        0.0,
        0.0,
        0.0
      ],
      "rotation_quaternion": [
        1.0,
        0.0,
        0.0,
        0.0
      ],
      "scale": [
        0.8125101923942566,
        0.9869498610496521,
        1.0
      ]
    },
    "MouthInnerBind": {
      "location": [
        0.0,
        -0.0006833666702732444,
        0.0
      ],
      "rotation_quaternion": [
        1.0,
        0.0,
        0.0,
        0.0
      ],
      "scale": [
        0.9762609601020813,
        1.066632628440857,
        1.0
      ]
    },
    "NoseBind": {
      "location": [
        0.0,
        0.003858637996017933,
        0.0
      ],
      "rotation_quaternion": [
        0.9999803304672241,
        -0.006269343663007021,
        0.0,
        0.0
      ],
      "scale": [
        0.7375594973564148,
        0.88490229845047,
        0.8100279569625854
      ]
    },
    "LeftBrowBind": {
      "location": [
        -0.0008491679327562451,
        0.0,
        0.0
      ],
      "rotation_quaternion": [
        0.9995508790016174,
        0.029444584622979164,
        -0.005570659413933754,
        0.0001640994451008737
      ],
      "scale": [
        0.9806156158447266,
        0.7713078260421753,
        1.0
      ]
    },
    "RightBrowBind": {
      "location": [
        0.0008491679327562451,
        0.0,
        0.0
      ],
      "rotation_quaternion": [
        0.9995508790016174,
        0.029444584622979164,
        0.005570659413933754,
        -0.0001640994451008737
      ],
      "scale": [
        0.9806156158447266,
        0.7713078260421753,
        1.0
      ]
    },
    "RightEyeSocketBind": {
      "location": [
        -0.003611407009884715,
        0.0053992015309631824,
        0.0
      ],
      "rotation_quaternion": [
        0.9999905824661255,
        0.0,
        0.0,
        0.004342895466834307
      ],
      "scale": [
        1.0388226509094238,
        0.9989320635795593,
        1.0
      ]
    },
    "LeftEyeSocketBind": {
      "location": [
        0.003611407009884715,
        0.0053992015309631824,
        0.0
      ],
      "rotation_quaternion": [
        0.9999905824661255,
        0.0,
        0.0,
        -0.004342895466834307
      ],
      "scale": [
        1.0388226509094238,
        0.9989320635795593,
        1.0
      ]
    },
    "FaceBind": {
      "location": [
        0.0,
        -0.0015523541951552033,
        -0.003007197054103017
      ],
      "rotation_quaternion": [
        1.0,
        0.0,
        0.0,
        0.0
      ],
      "scale": [
        0.9944149851799011,
        1.007553219795227,
        0.9880500435829163
      ]
    },
    "NeckBind": {
      "location": [
        0.0,
        0.0,
        0.0
      ],
      "rotation_quaternion": [
        1.0,
        0.0,
        0.0,
        0.0
      ],
      "scale": [
        1.168357491493225,
        1.0,
        1.07876718044281
      ]
    }
  },
  "variation_shapes": {
    "eyes_female_varGp01A": 0.0,
    "eyes_female_varGp01B": 0.22259360551834106,
    "eyes_female_varGp01C": 0.0,
    "eyes_female_varGp01E": 0.0,
    "eyes_female_varGp01G": 0.0,
    "eyes_female_varGp01I": 0.0,
    "eyes_male_varGp01D": 0.0,
    "eyes_male_varGp01F": 0.0,
    "eyes_male_varGp01H": 0.7774063944816589,
    "eyes_male_varGp01J": 0.0,
    "eyes_male_varGp01K": 0.0,
    "eyes_male_varGp01L": 0.0,
    "jaw_female_varGp01A": 0.0,
    "jaw_female_varGp01B": 0.0,
    "jaw_female_varGp01D": 0.0,
    "jaw_female_varGp01F": 0.0,
    "jaw_female_varGp01H": 0.0,
    "jaw_female_varGp01K": 0.358770489692688,
    "jaw_male_varGp01A": 0.14837414026260376,
    "jaw_male_varGp01D": 0.0,
    "jaw_male_varGp01E": 0.0,
    "jaw_male_varGp01H": 0.0,
    "jaw_male_varGp01K": 0.49285537004470825,
    "jaw_male_varGp01L": 0.0,
    "lips_female_varGp01C": 0.3504158556461334,
    "lips_female_varGp01D": 0.0,
    "lips_female_varGp01E": 0.0,
    "lips_female_varGp01F": 0.0,
    "lips_female_varGp01I": 0.0,
    "lips_female_varGp01J": 0.0,
    "lips_male_varGp01D": 0.0,
    "lips_male_varGp01F": 0.0,
    "lips_male_varGp01G": 0.0,
    "lips_male_varGp01H": 0.0,
    "lips_male_varGp01I": 0.649584174156189,
    "lips_male_varGp01K": 0.0,
    "nose_female_varGp01A": 0.0,
    "nose_female_varGp01C": 0.0,
    "nose_female_varGp01D": 0.0,
    "nose_female_varGp01F": 0.0,
    "nose_female_varGp01H": 0.30802473425865173,
    "nose_female_varGp01K": 0.0,
    "nose_male_varGp01A": 0.0,
    "nose_male_varGp01D": 0.4738284945487976,
    "nose_male_varGp01E": 0.0,
    "nose_male_varGp01G": 0.21814678609371185,
    "nose_male_varGp01I": 0.0,
    "nose_male_varGp01K": 0.0
  },
  "expression_shapes": {
    "BROW_LOWERER_L": 0.0,
    "BROW_LOWERER_R": 0.0,
    "CHEEK_PUFF_L": 0.05834431201219559,
    "CHEEK_PUFF_R": 0.05834431201219559,
    "CHEEK_RAISER_L": 0.0,
    "CHEEK_RAISER_R": 0.0,
    "CHEEK_SUCK_L": 0.0,
    "CHEEK_SUCK_R": 0.0,
    "CHIN_DEPRESSOR_B": 0.0,
    "CHIN_RAISER_B": 0.0,
    "CHIN_RAISER_T": 0.0,
    "DIMPLER_L": 0.0,
    "DIMPLER_R": 0.0,
    "EYES_CLOSED_L": 0.0,
    "EYES_CLOSED_R": 0.0,
    "EYES_LOOK_DOWN_L": 0.0,
    "EYES_LOOK_DOWN_R": 0.0,
    "EYES_LOOK_LEFT_L": 0.0,
    "EYES_LOOK_LEFT_R": 0.0,
    "EYES_LOOK_RIGHT_L": 0.0,
    "EYES_LOOK_RIGHT_R": 0.0,
    "EYES_LOOK_UP_L": 0.0,
    "EYES_LOOK_UP_R": 0.0,
    "INNER_BROW_CONTRACTOR_L": 0.0,
    "INNER_BROW_CONTRACTOR_R": 0.0,
    "INNER_BROW_RAISER_L": 0.0,
    "INNER_BROW_RAISER_R": 0.0,
    "JAW_COMPRESSOR": 0.0,
    "JAW_DROP": 0.0,
    "JAW_RETREAT": 0.0,
    "JAW_SIDEWAYS_LEFT": 0.0,
    "JAW_SIDEWAYS_RIGHT": 0.0,
    "JAW_THRUST": 0.0,
    "LID_TIGHTENER_L": 0.0,
    "LID_TIGHTENER_R": 0.0,
    "LIPS_TOWARD": 0.0,
    "LIP_CORNER_DEPRESSOR_L": 0.0,
    "LIP_CORNER_DEPRESSOR_R": 0.0,
    "LIP_CORNER_PULLER_L": 0.0,
    "LIP_CORNER_PULLER_R": 0.0,
    "LIP_FUNNELER_LB": 0.0,
    "LIP_FUNNELER_LT": 0.0,
    "LIP_FUNNELER_RB": 0.0,
    "LIP_FUNNELER_RT": 0.0,
    "LIP_PRESSOR_L": 0.0,
    "LIP_PRESSOR_R": 0.0,
    "LIP_PUCKER_L": 0.0,
    "LIP_PUCKER_R": 0.0,
    "LIP_STRETCHER_L": 0.0,
    "LIP_STRETCHER_R": 0.0,
    "LIP_SUCK_LB": 0.0,
    "LIP_SUCK_LT": 0.0,
    "LIP_SUCK_RB": 0.0,
    "LIP_SUCK_RT": 0.0,
    "LIP_TIGHTENER_L": 0.0,
    "LIP_TIGHTENER_R": 0.0,
    "LOWER_LIP_DEPRESSOR_L": 0.0,
    "LOWER_LIP_DEPRESSOR_R": 0.0,
    "MOUTH_LEFT": 0.0,
    "MOUTH_LOWERER": 0.0,
    "MOUTH_RAISER": 0.0,
    "MOUTH_RIGHT": 0.0,
    "NOSE_WRINKLER_L": 0.0,
    "NOSE_WRINKLER_R": 0.0,
    "OUTER_BROW_RAISER_L": 0.0,
    "OUTER_BROW_RAISER_R": 0.0,
    "UPPER_LID_RAISER_L": 0.0,
    "UPPER_LID_RAISER_R": 0.0,
    "UPPER_LIP_RAISER_L": 0.0,
    "UPPER_LIP_RAISER_R": 0.0
  },
  "rules_snapshot": {}
}