{
  "version": 1,
  "timestamp": "2026-03-30T18:00:24",
  "frame": 73,
  "label": "good",
  "note": "Youthfull, african, attractive, 8/10",
  "chaos_joints": {
    "JawBind": {
      "location": [
        0.0,
        0.0,
        0.0
      ],
      "rotation_quaternion": [
        1.0,
        0.0,
        0.0,
        0.0
      ],
      "scale": [
        0.9636074304580688,
        0.9721482992172241,
        1.0
      ]
    },
    "MouthBind": {
      "location": [
        0.0,
        0.0,
        0.0
      ],
      "rotation_quaternion": [
        1.0,
        0.0,
        0.0,
        0.0
      ],
      "scale": [
        0.9710197448730469,
        0.8768525719642639,
        1.0
      ]
    },
    "MouthInnerBind": {
      "location": [
        0.0,
        0.0019268168834969401,
        0.0
      ],
      "rotation_quaternion": [
        1.0,
        0.0,
        0.0,
        0.0
      ],
      "scale": [
        0.9825742244720459,
        1.0347057580947876,
        1.0
      ]
    },
    "NoseBind": {
      "location": [
        0.0,
        0.0013576956698670983,
        0.0
      ],
      "rotation_quaternion": [
        0.9992886781692505,
        -0.037710774689912796,
        0.0,
        0.0
      ],
      "scale": [
        1.0295253992080688,
        1.2028870582580566,
        0.9002716541290283
      ]
    },
    "LeftBrowBind": {
      "location": [
        0.0008015738567337394,
        0.0,
        0.0
      ],
      "rotation_quaternion": [
        0.9999803900718689,
        -0.0022202692925930023,
        0.0058558909222483635,
        1.300190979236504e-05
      ],
      "scale": [
        0.9953645467758179,
        0.9374887943267822,
        1.0
      ]
    },
    "RightBrowBind": {
      "location": [
        -0.0008015738567337394,
        0.0,
        0.0
      ],
      "rotation_quaternion": [
        0.9999803900718689,
        -0.0022202692925930023,
        -0.0058558909222483635,
        -1.300190979236504e-05
      ],
      "scale": [
        0.9953645467758179,
        0.9374887943267822,
        1.0
      ]
    },
    "RightEyeSocketBind": {
      "location": [
        -0.00345349102281034,
        0.004305556416511536,
        0.0
      ],
      "rotation_quaternion": [
        0.9998900294303894,
        0.0,
        0.0,
        0.014831461943686008
      ],
      "scale": [
        0.9573441743850708,
        1.033847451210022,
        1.0
      ]
    },
    "LeftEyeSocketBind": {
      "location": [
        0.00345349102281034,
        0.004305556416511536,
        0.0
      ],
      "rotation_quaternion": [
        0.9998900294303894,
        0.0,
        0.0,
        -0.014831461943686008
      ],
      "scale": [
        0.9573441743850708,
        1.033847451210022,
        1.0
      ]
    },
    "FaceBind": {
      "location": [
        0.0,
        0.0032366393133997917,
        -0.004105171654373407
      ],
      "rotation_quaternion": [
        1.0,
        0.0,
        0.0,
        0.0
      ],
      "scale": [
        0.9909643530845642,
        0.999885082244873,
        0.9914734363555908
      ]
    },
    "NeckBind": {
      "location": [
        0.0,
        0.0,
        0.0
      ],
      "rotation_quaternion": [
        1.0,
        0.0,
        0.0,
        0.0
      ],
      "scale": [
        1.017916202545166,
        1.0,
        0.9810271263122559
      ]
    }
  },
  "variation_shapes": {
    "eyes_female_varGp01A": 0.0,
    "eyes_female_varGp01B": 0.0,
    "eyes_female_varGp01C": 0.0,
    "eyes_female_varGp01E": 0.14499317109584808,
    "eyes_female_varGp01G": 0.4179106056690216,
    "eyes_female_varGp01I": 0.0,
    "eyes_male_varGp01D": 0.0,
    "eyes_male_varGp01F": 0.0,
    "eyes_male_varGp01H": 0.0,
    "eyes_male_varGp01J": 0.0,
    "eyes_male_varGp01K": 0.4370962381362915,
    "eyes_male_varGp01L": 0.0,
    "jaw_female_varGp01A": 0.0,
    "jaw_female_varGp01B": 0.0,
    "jaw_female_varGp01D": 0.0,
    "jaw_female_varGp01F": 0.0,
    "jaw_female_varGp01H": 0.0,
    "jaw_female_varGp01K": 0.0,
    "jaw_male_varGp01A": 1.0,
    "jaw_male_varGp01D": 0.0,
    "jaw_male_varGp01E": 0.0,
    "jaw_male_varGp01H": 0.0,
    "jaw_male_varGp01K": 0.0,
    "jaw_male_varGp01L": 0.0,
    "lips_female_varGp01C": 0.23915410041809082,
    "lips_female_varGp01D": 0.0,
    "lips_female_varGp01E": 0.7608458995819092,
    "lips_female_varGp01F": 0.0,
    "lips_female_varGp01I": 0.0,
    "lips_female_varGp01J": 0.0,
    "lips_male_varGp01D": 0.0,
    "lips_male_varGp01F": 0.0,
    "lips_male_varGp01G": 0.0,
    "lips_male_varGp01H": 0.0,
    "lips_male_varGp01I": 0.0,
    "lips_male_varGp01K": 0.0,
    "nose_female_varGp01A": 0.12634813785552979,
    "nose_female_varGp01C": 0.0,
    "nose_female_varGp01D": 0.42260023951530457,
    "nose_female_varGp01F": 0.0,
    "nose_female_varGp01H": 0.2376779168844223,
    "nose_female_varGp01K": 0.21337369084358215,
    "nose_male_varGp01A": 0.0,
    "nose_male_varGp01D": 0.0,
    "nose_male_varGp01E": 0.0,
    "nose_male_varGp01G": 0.0,
    "nose_male_varGp01I": 0.0,
    "nose_male_varGp01K": 0.0
  },
  "expression_shapes": {
    "BROW_LOWERER_L": 0.0,
    "BROW_LOWERER_R": 0.0,
    "CHEEK_PUFF_L": 0.2471674084663391,
    "CHEEK_PUFF_R": 0.2471674084663391,
    "CHEEK_RAISER_L": 0.0,
    "CHEEK_RAISER_R": 0.0,
    "CHEEK_SUCK_L": 0.0,
    "CHEEK_SUCK_R": 0.0,
    "CHIN_DEPRESSOR_B": 0.0,
    "CHIN_RAISER_B": 0.0,
    "CHIN_RAISER_T": 0.0,
    "DIMPLER_L": 0.0,
    "DIMPLER_R": 0.0,
    "EYES_CLOSED_L": 0.0,
    "EYES_CLOSED_R": 0.0,
    "EYES_LOOK_DOWN_L": 0.0,
    "EYES_LOOK_DOWN_R": 0.0,
    "EYES_LOOK_LEFT_L": 0.0,
    "EYES_LOOK_LEFT_R": 0.0,
    "EYES_LOOK_RIGHT_L": 0.0,
    "EYES_LOOK_RIGHT_R": 0.0,
    "EYES_LOOK_UP_L": 0.0,
    "EYES_LOOK_UP_R": 0.0,
    "INNER_BROW_CONTRACTOR_L": 0.0,
    "INNER_BROW_CONTRACTOR_R": 0.0,
    "INNER_BROW_RAISER_L": 0.0,
    "INNER_BROW_RAISER_R": 0.0,
    "JAW_COMPRESSOR": 0.0,
    "JAW_DROP": 0.0,
    "JAW_RETREAT": 0.0,
    "JAW_SIDEWAYS_LEFT": 0.0,
    "JAW_SIDEWAYS_RIGHT": 0.0,
    "JAW_THRUST": 0.0,
    "LID_TIGHTENER_L": 0.0,
    "LID_TIGHTENER_R": 0.0,
    "LIPS_TOWARD": 0.0,
    "LIP_CORNER_DEPRESSOR_L": 0.0,
    "LIP_CORNER_DEPRESSOR_R": 0.0,
    "LIP_CORNER_PULLER_L": 0.0,
    "LIP_CORNER_PULLER_R": 0.0,
    "LIP_FUNNELER_LB": 0.0,
    "LIP_FUNNELER_LT": 0.0,
    "LIP_FUNNELER_RB": 0.0,
    "LIP_FUNNELER_RT": 0.0,
    "LIP_PRESSOR_L": 0.0,
    "LIP_PRESSOR_R": 0.0,
    "LIP_PUCKER_L": 0.0,
    "LIP_PUCKER_R": 0.0,
    "LIP_STRETCHER_L": 0.0,
    "LIP_STRETCHER_R": 0.0,
    "LIP_SUCK_LB": 0.0,
    "LIP_SUCK_LT": 0.0,
    "LIP_SUCK_RB": 0.0,
    "LIP_SUCK_RT": 0.0,
    "LIP_TIGHTENER_L": 0.0,
    "LIP_TIGHTENER_R": 0.0,
    "LOWER_LIP_DEPRESSOR_L": 0.0,
    "LOWER_LIP_DEPRESSOR_R": 0.0,
    "MOUTH_LEFT": 0.0,
    "MOUTH_LOWERER": 0.0,
    "MOUTH_RAISER": 0.0,
    "MOUTH_RIGHT": 0.0,
    "NOSE_WRINKLER_L": 0.0,
    "NOSE_WRINKLER_R": 0.0,
    "OUTER_BROW_RAISER_L": 0.0,
    "OUTER_BROW_RAISER_R": 0.0,
    "UPPER_LID_RAISER_L": 0.0,
    "UPPER_LID_RAISER_R": 0.0,
    "UPPER_LIP_RAISER_L": 0.0,
    "UPPER_LIP_RAISER_R": 0.0
  },
  "rules_snapshot": {}
}