{
  "version": 1,
  "timestamp": "2026-03-30T17:25:44",
  "frame": 8,
  "label": "good",
  "note": "eyes might be a bit wide up and down, lets call taht tall, but the face is good",
  "chaos_joints": {
    "JawBind": {
      "location": [
        0.0,
        0.0,
        0.0
      ],
      "rotation_quaternion": [
        1.0,
        0.0,
        0.0,
        0.0
      ],
      "scale": [
        1.0181883573532104,
        0.9921848177909851,
        1.0
      ]
    },
    "MouthBind": {
      "location": [
        0.0,
        0.0,
        0.0
      ],
      "rotation_quaternion": [
        1.0,
        0.0,
        0.0,
        0.0
      ],
      "scale": [
        0.8987256288528442,
        1.3132569789886475,
        1.0
      ]
    },
    "MouthInnerBind": {
      "location": [
        0.0,
        -0.0007881860947236419,
        0.0
      ],
      "rotation_quaternion": [
        1.0,
        0.0,
        0.0,
        0.0
      ],
      "scale": [
        1.0507088899612427,
        1.0031218528747559,
        1.0
      ]
    },
    "NoseBind": {
      "location": [
        0.0,
        0.0019995777402073145,
        0.0
      ],
      "rotation_quaternion": [
        0.9985755085945129,
        0.053357332944869995,
        0.0,
        0.0
      ],
      "scale": [
        0.9813645482063293,
        0.8829575777053833,
        0.7669331431388855
      ]
    },
    "LeftBrowBind": {
      "location": [
        -0.0008779111667536199,
        0.0,
        0.0
      ],
      "rotation_quaternion": [
        0.9995860457420349,
        -0.024625321850180626,
        0.01487246435135603,
        0.00036639085737988353
      ],
      "scale": [
        1.0852614641189575,
        1.171792984008789,
        1.0
      ]
    },
    "RightBrowBind": {
      "location": [
        0.0008779111667536199,
        0.0,
        0.0
      ],
      "rotation_quaternion": [
        0.9995860457420349,
        -0.024625321850180626,
        -0.01487246435135603,
        -0.00036639085737988353
      ],
      "scale": [
        1.0852614641189575,
        1.171792984008789,
        1.0
      ]
    },
    "RightEyeSocketBind": {
      "location": [
        -0.0037557862233370543,
        -0.0024888624902814627,
        0.0
      ],
      "rotation_quaternion": [
        0.9979294538497925,
        0.0,
        0.0,
        0.06431818753480911
      ],
      "scale": [
        0.9379494786262512,
        1.096957802772522,
        1.0
      ]
    },
    "LeftEyeSocketBind": {
      "location": [
        0.0037557862233370543,
        -0.0024888624902814627,
        0.0
      ],
      "rotation_quaternion": [
        0.9979294538497925,
        0.0,
        0.0,
        -0.06431818753480911
      ],
      "scale": [
        0.9379494786262512,
        1.096957802772522,
        1.0
      ]
    },
    "FaceBind": {
      "location": [
        0.0,
        -0.0030140988528728485,
        -0.0006292368052527308
      ],
      "rotation_quaternion": [
        1.0,
        0.0,
        0.0,
        0.0
      ],
      "scale": [
        0.9908964037895203,
        0.9988616704940796,
        1.0149402618408203
      ]
    },
    "NeckBind": {
      "location": [
        0.0,
        0.0,
        0.0
      ],
      "rotation_quaternion": [
        1.0,
        0.0,
        0.0,
        0.0
      ],
      "scale": [
        1.0506662130355835,
        1.0,
        1.0684456825256348
      ]
    }
  },
  "variation_shapes": {
    "eyes_female_varGp01A": 0.0,
    "eyes_female_varGp01B": 0.0,
    "eyes_female_varGp01C": 0.0,
    "eyes_female_varGp01E": 0.6147077679634094,
    "eyes_female_varGp01G": 0.0,
    "eyes_female_varGp01I": 0.0,
    "eyes_male_varGp01D": 0.0,
    "eyes_male_varGp01F": 0.3852922320365906,
    "eyes_male_varGp01H": 0.0,
    "eyes_male_varGp01J": 0.0,
    "eyes_male_varGp01K": 0.0,
    "eyes_male_varGp01L": 0.0,
    "jaw_female_varGp01A": 0.0,
    "jaw_female_varGp01B": 0.0,
    "jaw_female_varGp01D": 0.0,
    "jaw_female_varGp01F": 0.0,
    "jaw_female_varGp01H": 0.0,
    "jaw_female_varGp01K": 0.0,
    "jaw_male_varGp01A": 0.2989877164363861,
    "jaw_male_varGp01D": 0.6701539754867554,
    "jaw_male_varGp01E": 0.0,
    "jaw_male_varGp01H": 0.0,
    "jaw_male_varGp01K": 0.030858322978019714,
    "jaw_male_varGp01L": 0.0,
    "lips_female_varGp01C": 0.3274685740470886,
    "lips_female_varGp01D": 0.0,
    "lips_female_varGp01E": 0.0,
    "lips_female_varGp01F": 0.2947095036506653,
    "lips_female_varGp01I": 0.0,
    "lips_female_varGp01J": 0.0,
    "lips_male_varGp01D": 0.0,
    "lips_male_varGp01F": 0.0,
    "lips_male_varGp01G": 0.0,
    "lips_male_varGp01H": 0.2407037913799286,
    "lips_male_varGp01I": 0.1371181309223175,
    "lips_male_varGp01K": 0.0,
    "nose_female_varGp01A": 0.0,
    "nose_female_varGp01C": 0.0,
    "nose_female_varGp01D": 0.18427592515945435,
    "nose_female_varGp01F": 0.0,
    "nose_female_varGp01H": 0.0,
    "nose_female_varGp01K": 0.0,
    "nose_male_varGp01A": 0.0,
    "nose_male_varGp01D": 0.4159773290157318,
    "nose_male_varGp01E": 0.39974674582481384,
    "nose_male_varGp01G": 0.0,
    "nose_male_varGp01I": 0.0,
    "nose_male_varGp01K": 0.0
  },
  "expression_shapes": {
    "BROW_LOWERER_L": 0.0,
    "BROW_LOWERER_R": 0.0,
    "CHEEK_PUFF_L": 0.009433459490537643,
    "CHEEK_PUFF_R": 0.009433459490537643,
    "CHEEK_RAISER_L": 0.0,
    "CHEEK_RAISER_R": 0.0,
    "CHEEK_SUCK_L": 0.0,
    "CHEEK_SUCK_R": 0.0,
    "CHIN_DEPRESSOR_B": 0.0,
    "CHIN_RAISER_B": 0.0,
    "CHIN_RAISER_T": 0.0,
    "DIMPLER_L": 0.0,
    "DIMPLER_R": 0.0,
    "EYES_CLOSED_L": 0.0,
    "EYES_CLOSED_R": 0.0,
    "EYES_LOOK_DOWN_L": 0.0,
    "EYES_LOOK_DOWN_R": 0.0,
    "EYES_LOOK_LEFT_L": 0.0,
    "EYES_LOOK_LEFT_R": 0.0,
    "EYES_LOOK_RIGHT_L": 0.0,
    "EYES_LOOK_RIGHT_R": 0.0,
    "EYES_LOOK_UP_L": 0.0,
    "EYES_LOOK_UP_R": 0.0,
    "INNER_BROW_CONTRACTOR_L": 0.0,
    "INNER_BROW_CONTRACTOR_R": 0.0,
    "INNER_BROW_RAISER_L": 0.0,
    "INNER_BROW_RAISER_R": 0.0,
    "JAW_COMPRESSOR": 0.0,
    "JAW_DROP": 0.0,
    "JAW_RETREAT": 0.0,
    "JAW_SIDEWAYS_LEFT": 0.0,
    "JAW_SIDEWAYS_RIGHT": 0.0,
    "JAW_THRUST": 0.0,
    "LID_TIGHTENER_L": 0.0,
    "LID_TIGHTENER_R": 0.0,
    "LIPS_TOWARD": 0.0,
    "LIP_CORNER_DEPRESSOR_L": 0.0,
    "LIP_CORNER_DEPRESSOR_R": 0.0,
    "LIP_CORNER_PULLER_L": 0.0,
    "LIP_CORNER_PULLER_R": 0.0,
    "LIP_FUNNELER_LB": 0.0,
    "LIP_FUNNELER_LT": 0.0,
    "LIP_FUNNELER_RB": 0.0,
    "LIP_FUNNELER_RT": 0.0,
    "LIP_PRESSOR_L": 0.0,
    "LIP_PRESSOR_R": 0.0,
    "LIP_PUCKER_L": 0.0,
    "LIP_PUCKER_R": 0.0,
    "LIP_STRETCHER_L": 0.0,
    "LIP_STRETCHER_R": 0.0,
    "LIP_SUCK_LB": 0.0,
    "LIP_SUCK_LT": 0.0,
    "LIP_SUCK_RB": 0.0,
    "LIP_SUCK_RT": 0.0,
    "LIP_TIGHTENER_L": 0.0,
    "LIP_TIGHTENER_R": 0.0,
    "LOWER_LIP_DEPRESSOR_L": 0.0,
    "LOWER_LIP_DEPRESSOR_R": 0.0,
    "MOUTH_LEFT": 0.0,
    "MOUTH_LOWERER": 0.0,
    "MOUTH_RAISER": 0.0,
    "MOUTH_RIGHT": 0.0,
    "NOSE_WRINKLER_L": 0.0,
    "NOSE_WRINKLER_R": 0.0,
    "OUTER_BROW_RAISER_L": 0.0,
    "OUTER_BROW_RAISER_R": 0.0,
    "UPPER_LID_RAISER_L": 0.0,
    "UPPER_LID_RAISER_R": 0.0,
    "UPPER_LIP_RAISER_L": 0.0,
    "UPPER_LIP_RAISER_R": 0.0
  },
  "rules_snapshot": {}
}