{
  "version": 1,
  "timestamp": "2026-03-30T17:56:28",
  "frame": 66,
  "label": "good",
  "note": "Fine, unremarkable",
  "chaos_joints": {
    "JawBind": {
      "location": [
        0.0,
        0.0,
        0.0
      ],
      "rotation_quaternion": [
        1.0,
        0.0,
        0.0,
        0.0
      ],
      "scale": [
        0.9007482528686523,
        0.9793280959129333,
        1.0
      ]
    },
    "MouthBind": {
      "location": [
        0.0,
        0.0,
        0.0
      ],
      "rotation_quaternion": [
        1.0,
        0.0,
        0.0,
        0.0
      ],
      "scale": [
        0.9543375372886658,
        1.0258384943008423,
        1.0
      ]
    },
    "MouthInnerBind": {
      "location": [
        0.0,
        0.0018832359928637743,
        0.0
      ],
      "rotation_quaternion": [
        1.0,
        0.0,
        0.0,
        0.0
      ],
      "scale": [
        0.9863463640213013,
        1.0713341236114502,
        1.0
      ]
    },
    "NoseBind": {
      "location": [
        0.0,
        0.004751249216496944,
        0.0
      ],
      "rotation_quaternion": [
        0.9987515807151794,
        -0.04995272308588028,
        0.0,
        0.0
      ],
      "scale": [
        0.8596977591514587,
        1.158501148223877,
        1.0469714403152466
      ]
    },
    "LeftBrowBind": {
      "location": [
        0.0005584334139712155,
        0.0,
        0.0
      ],
      "rotation_quaternion": [
        0.9995020031929016,
        -0.03153955936431885,
        -0.001021154341287911,
        -3.22228079312481e-05
      ],
      "scale": [
        0.934456467628479,
        1.1982306241989136,
        1.0
      ]
    },
    "RightBrowBind": {
      "location": [
        -0.0005584334139712155,
        0.0,
        0.0
      ],
      "rotation_quaternion": [
        0.9995020031929016,
        -0.03153955936431885,
        0.001021154341287911,
        3.22228079312481e-05
      ],
      "scale": [
        0.934456467628479,
        1.1982306241989136,
        1.0
      ]
    },
    "RightEyeSocketBind": {
      "location": [
        0.00223744404502213,
        0.004296706058084965,
        0.0
      ],
      "rotation_quaternion": [
        0.9983425140380859,
        0.0,
        0.0,
        0.057551752775907516
      ],
      "scale": [
        1.0360842943191528,
        1.0313529968261719,
        1.0
      ]
    },
    "LeftEyeSocketBind": {
      "location": [
        -0.00223744404502213,
        0.004296706058084965,
        0.0
      ],
      "rotation_quaternion": [
        0.9983425140380859,
        0.0,
        0.0,
        -0.057551752775907516
      ],
      "scale": [
        1.0360842943191528,
        1.0313529968261719,
        1.0
      ]
    },
    "FaceBind": {
      "location": [
        0.0,
        -0.004648951813578606,
        -0.0009845596505329013
      ],
      "rotation_quaternion": [
        1.0,
        0.0,
        0.0,
        0.0
      ],
      "scale": [
        0.9841035008430481,
        1.0028328895568848,
        0.9991239905357361
      ]
    },
    "NeckBind": {
      "location": [
        0.0,
        0.0,
        0.0
      ],
      "rotation_quaternion": [
        1.0,
        0.0,
        0.0,
        0.0
      ],
      "scale": [
        0.8740186095237732,
        1.0,
        1.120519757270813
      ]
    }
  },
  "variation_shapes": {
    "eyes_female_varGp01A": 0.541806161403656,
    "eyes_female_varGp01B": 0.4581938087940216,
    "eyes_female_varGp01C": 0.0,
    "eyes_female_varGp01E": 0.0,
    "eyes_female_varGp01G": 0.0,
    "eyes_female_varGp01I": 0.0,
    "eyes_male_varGp01D": 0.0,
    "eyes_male_varGp01F": 0.0,
    "eyes_male_varGp01H": 0.0,
    "eyes_male_varGp01J": 0.0,
    "eyes_male_varGp01K": 0.0,
    "eyes_male_varGp01L": 0.0,
    "jaw_female_varGp01A": 0.0,
    "jaw_female_varGp01B": 0.0,
    "jaw_female_varGp01D": 0.0,
    "jaw_female_varGp01F": 0.0,
    "jaw_female_varGp01H": 0.4498177468776703,
    "jaw_female_varGp01K": 0.0,
    "jaw_male_varGp01A": 0.0,
    "jaw_male_varGp01D": 0.14530274271965027,
    "jaw_male_varGp01E": 0.16791106760501862,
    "jaw_male_varGp01H": 0.23696842789649963,
    "jaw_male_varGp01K": 0.0,
    "jaw_male_varGp01L": 0.0,
    "lips_female_varGp01C": 0.18028831481933594,
    "lips_female_varGp01D": 0.38427743315696716,
    "lips_female_varGp01E": 0.0,
    "lips_female_varGp01F": 0.0,
    "lips_female_varGp01I": 0.0,
    "lips_female_varGp01J": 0.0,
    "lips_male_varGp01D": 0.4354342520236969,
    "lips_male_varGp01F": 0.0,
    "lips_male_varGp01G": 0.0,
    "lips_male_varGp01H": 0.0,
    "lips_male_varGp01I": 0.0,
    "lips_male_varGp01K": 0.0,
    "nose_female_varGp01A": 0.0,
    "nose_female_varGp01C": 0.28987976908683777,
    "nose_female_varGp01D": 0.529873788356781,
    "nose_female_varGp01F": 0.0,
    "nose_female_varGp01H": 0.0,
    "nose_female_varGp01K": 0.0,
    "nose_male_varGp01A": 0.18024639785289764,
    "nose_male_varGp01D": 0.0,
    "nose_male_varGp01E": 0.0,
    "nose_male_varGp01G": 0.0,
    "nose_male_varGp01I": 0.0,
    "nose_male_varGp01K": 0.0
  },
  "expression_shapes": {
    "BROW_LOWERER_L": 0.0,
    "BROW_LOWERER_R": 0.0,
    "CHEEK_PUFF_L": 0.2224794179201126,
    "CHEEK_PUFF_R": 0.2224794179201126,
    "CHEEK_RAISER_L": 0.0,
    "CHEEK_RAISER_R": 0.0,
    "CHEEK_SUCK_L": 0.0,
    "CHEEK_SUCK_R": 0.0,
    "CHIN_DEPRESSOR_B": 0.0,
    "CHIN_RAISER_B": 0.0,
    "CHIN_RAISER_T": 0.0,
    "DIMPLER_L": 0.0,
    "DIMPLER_R": 0.0,
    "EYES_CLOSED_L": 0.0,
    "EYES_CLOSED_R": 0.0,
    "EYES_LOOK_DOWN_L": 0.0,
    "EYES_LOOK_DOWN_R": 0.0,
    "EYES_LOOK_LEFT_L": 0.0,
    "EYES_LOOK_LEFT_R": 0.0,
    "EYES_LOOK_RIGHT_L": 0.0,
    "EYES_LOOK_RIGHT_R": 0.0,
    "EYES_LOOK_UP_L": 0.0,
    "EYES_LOOK_UP_R": 0.0,
    "INNER_BROW_CONTRACTOR_L": 0.0,
    "INNER_BROW_CONTRACTOR_R": 0.0,
    "INNER_BROW_RAISER_L": 0.0,
    "INNER_BROW_RAISER_R": 0.0,
    "JAW_COMPRESSOR": 0.0,
    "JAW_DROP": 0.0,
    "JAW_RETREAT": 0.0,
    "JAW_SIDEWAYS_LEFT": 0.0,
    "JAW_SIDEWAYS_RIGHT": 0.0,
    "JAW_THRUST": 0.0,
    "LID_TIGHTENER_L": 0.0,
    "LID_TIGHTENER_R": 0.0,
    "LIPS_TOWARD": 0.0,
    "LIP_CORNER_DEPRESSOR_L": 0.0,
    "LIP_CORNER_DEPRESSOR_R": 0.0,
    "LIP_CORNER_PULLER_L": 0.0,
    "LIP_CORNER_PULLER_R": 0.0,
    "LIP_FUNNELER_LB": 0.0,
    "LIP_FUNNELER_LT": 0.0,
    "LIP_FUNNELER_RB": 0.0,
    "LIP_FUNNELER_RT": 0.0,
    "LIP_PRESSOR_L": 0.0,
    "LIP_PRESSOR_R": 0.0,
    "LIP_PUCKER_L": 0.0,
    "LIP_PUCKER_R": 0.0,
    "LIP_STRETCHER_L": 0.0,
    "LIP_STRETCHER_R": 0.0,
    "LIP_SUCK_LB": 0.0,
    "LIP_SUCK_LT": 0.0,
    "LIP_SUCK_RB": 0.0,
    "LIP_SUCK_RT": 0.0,
    "LIP_TIGHTENER_L": 0.0,
    "LIP_TIGHTENER_R": 0.0,
    "LOWER_LIP_DEPRESSOR_L": 0.0,
    "LOWER_LIP_DEPRESSOR_R": 0.0,
    "MOUTH_LEFT": 0.0,
    "MOUTH_LOWERER": 0.0,
    "MOUTH_RAISER": 0.0,
    "MOUTH_RIGHT": 0.0,
    "NOSE_WRINKLER_L": 0.0,
    "NOSE_WRINKLER_R": 0.0,
    "OUTER_BROW_RAISER_L": 0.0,
    "OUTER_BROW_RAISER_R": 0.0,
    "UPPER_LID_RAISER_L": 0.0,
    "UPPER_LID_RAISER_R": 0.0,
    "UPPER_LIP_RAISER_L": 0.0,
    "UPPER_LIP_RAISER_R": 0.0
  },
  "rules_snapshot": {}
}