{
  "version": 1,
  "timestamp": "2026-03-30T17:34:16",
  "frame": 22,
  "label": "good",
  "note": "Head is fine, not great, but fine, I think the eye rotation is jsut a little extreme, I think I would have made the eyes bigger, and the nose is a bit down turned.",
  "chaos_joints": {
    "JawBind": {
      "location": [
        0.0,
        0.0,
        0.0
      ],
      "rotation_quaternion": [
        1.0,
        0.0,
        0.0,
        0.0
      ],
      "scale": [
        0.918028712272644,
        1.0287858247756958,
        1.0
      ]
    },
    "MouthBind": {
      "location": [
        0.0,
        0.0,
        0.0
      ],
      "rotation_quaternion": [
        1.0,
        0.0,
        0.0,
        0.0
      ],
      "scale": [
        1.0776675939559937,
        1.1919317245483398,
        1.0
      ]
    },
    "MouthInnerBind": {
      "location": [
        0.0,
        -0.0004403376951813698,
        0.0
      ],
      "rotation_quaternion": [
        1.0,
        0.0,
        0.0,
        0.0
      ],
      "scale": [
        0.9823783040046692,
        1.062514305114746,
        1.0
      ]
    },
    "NoseBind": {
      "location": [
        0.0,
        0.002742644865065813,
        0.0
      ],
      "rotation_quaternion": [
        0.9986824989318848,
        0.05131557211279869,
        0.0,
        0.0
      ],
      "scale": [
        1.2872053384780884,
        1.0414680242538452,
        0.9679912328720093
      ]
    },
    "LeftBrowBind": {
      "location": [
        0.0004371333052404225,
        0.0,
        0.0
      ],
      "rotation_quaternion": [
        0.999691367149353,
        0.014960040338337421,
        0.019830208271741867,
        -0.000296752288704738
      ],
      "scale": [
        0.9361753463745117,
        1.1821309328079224,
        1.0
      ]
    },
    "RightBrowBind": {
      "location": [
        -0.0004371333052404225,
        0.0,
        0.0
      ],
      "rotation_quaternion": [
        0.999691367149353,
        0.014960040338337421,
        -0.019830208271741867,
        0.000296752288704738
      ],
      "scale": [
        0.9361753463745117,
        1.1821309328079224,
        1.0
      ]
    },
    "RightEyeSocketBind": {
      "location": [
        -0.0023333148565143347,
        -0.002009886782616377,
        0.0
      ],
      "rotation_quaternion": [
        0.9983109831809998,
        0.0,
        0.0,
        -0.05809665471315384
      ],
      "scale": [
        0.957760751247406,
        0.9486643671989441,
        1.0
      ]
    },
    "LeftEyeSocketBind": {
      "location": [
        0.0023333148565143347,
        -0.002009886782616377,
        0.0
      ],
      "rotation_quaternion": [
        0.9983109831809998,
        0.0,
        0.0,
        0.05809665471315384
      ],
      "scale": [
        0.957760751247406,
        0.9486643671989441,
        1.0
      ]
    },
    "FaceBind": {
      "location": [
        0.0,
        0.003755230223760009,
        0.0031255341600626707
      ],
      "rotation_quaternion": [
        1.0,
        0.0,
        0.0,
        0.0
      ],
      "scale": [
        1.0128452777862549,
        1.0133615732192993,
        1.0118879079818726
      ]
    },
    "NeckBind": {
      "location": [
        0.0,
        0.0,
        0.0
      ],
      "rotation_quaternion": [
        1.0,
        0.0,
        0.0,
        0.0
      ],
      "scale": [
        1.0737147331237793,
        1.0,
        1.0833872556686401
      ]
    }
  },
  "variation_shapes": {
    "eyes_female_varGp01A": 0.0,
    "eyes_female_varGp01B": 0.0,
    "eyes_female_varGp01C": 0.0,
    "eyes_female_varGp01E": 0.0,
    "eyes_female_varGp01G": 0.0,
    "eyes_female_varGp01I": 0.0,
    "eyes_male_varGp01D": 0.3330368101596832,
    "eyes_male_varGp01F": 0.0,
    "eyes_male_varGp01H": 0.6669631600379944,
    "eyes_male_varGp01J": 0.0,
    "eyes_male_varGp01K": 0.0,
    "eyes_male_varGp01L": 0.0,
    "jaw_female_varGp01A": 0.0,
    "jaw_female_varGp01B": 0.0,
    "jaw_female_varGp01D": 0.0,
    "jaw_female_varGp01F": 0.0,
    "jaw_female_varGp01H": 0.0,
    "jaw_female_varGp01K": 0.07190080732107162,
    "jaw_male_varGp01A": 0.0,
    "jaw_male_varGp01D": 0.5289679765701294,
    "jaw_male_varGp01E": 0.13485392928123474,
    "jaw_male_varGp01H": 0.26427730917930603,
    "jaw_male_varGp01K": 0.0,
    "jaw_male_varGp01L": 0.0,
    "lips_female_varGp01C": 0.0,
    "lips_female_varGp01D": 0.0,
    "lips_female_varGp01E": 0.0,
    "lips_female_varGp01F": 0.0,
    "lips_female_varGp01I": 1.0,
    "lips_female_varGp01J": 0.0,
    "lips_male_varGp01D": 0.0,
    "lips_male_varGp01F": 0.0,
    "lips_male_varGp01G": 0.0,
    "lips_male_varGp01H": 0.0,
    "lips_male_varGp01I": 0.0,
    "lips_male_varGp01K": 0.0,
    "nose_female_varGp01A": 0.0,
    "nose_female_varGp01C": 0.0,
    "nose_female_varGp01D": 0.0,
    "nose_female_varGp01F": 1.0,
    "nose_female_varGp01H": 0.0,
    "nose_female_varGp01K": 0.0,
    "nose_male_varGp01A": 0.0,
    "nose_male_varGp01D": 0.0,
    "nose_male_varGp01E": 0.0,
    "nose_male_varGp01G": 0.0,
    "nose_male_varGp01I": 0.0,
    "nose_male_varGp01K": 0.0
  },
  "expression_shapes": {
    "BROW_LOWERER_L": 0.0,
    "BROW_LOWERER_R": 0.0,
    "CHEEK_PUFF_L": 0.28523287177085876,
    "CHEEK_PUFF_R": 0.28523287177085876,
    "CHEEK_RAISER_L": 0.0,
    "CHEEK_RAISER_R": 0.0,
    "CHEEK_SUCK_L": 0.0,
    "CHEEK_SUCK_R": 0.0,
    "CHIN_DEPRESSOR_B": 0.0,
    "CHIN_RAISER_B": 0.0,
    "CHIN_RAISER_T": 0.0,
    "DIMPLER_L": 0.0,
    "DIMPLER_R": 0.0,
    "EYES_CLOSED_L": 0.0,
    "EYES_CLOSED_R": 0.0,
    "EYES_LOOK_DOWN_L": 0.0,
    "EYES_LOOK_DOWN_R": 0.0,
    "EYES_LOOK_LEFT_L": 0.0,
    "EYES_LOOK_LEFT_R": 0.0,
    "EYES_LOOK_RIGHT_L": 0.0,
    "EYES_LOOK_RIGHT_R": 0.0,
    "EYES_LOOK_UP_L": 0.0,
    "EYES_LOOK_UP_R": 0.0,
    "INNER_BROW_CONTRACTOR_L": 0.0,
    "INNER_BROW_CONTRACTOR_R": 0.0,
    "INNER_BROW_RAISER_L": 0.0,
    "INNER_BROW_RAISER_R": 0.0,
    "JAW_COMPRESSOR": 0.0,
    "JAW_DROP": 0.0,
    "JAW_RETREAT": 0.0,
    "JAW_SIDEWAYS_LEFT": 0.0,
    "JAW_SIDEWAYS_RIGHT": 0.0,
    "JAW_THRUST": 0.0,
    "LID_TIGHTENER_L": 0.0,
    "LID_TIGHTENER_R": 0.0,
    "LIPS_TOWARD": 0.0,
    "LIP_CORNER_DEPRESSOR_L": 0.0,
    "LIP_CORNER_DEPRESSOR_R": 0.0,
    "LIP_CORNER_PULLER_L": 0.0,
    "LIP_CORNER_PULLER_R": 0.0,
    "LIP_FUNNELER_LB": 0.0,
    "LIP_FUNNELER_LT": 0.0,
    "LIP_FUNNELER_RB": 0.0,
    "LIP_FUNNELER_RT": 0.0,
    "LIP_PRESSOR_L": 0.0,
    "LIP_PRESSOR_R": 0.0,
    "LIP_PUCKER_L": 0.0,
    "LIP_PUCKER_R": 0.0,
    "LIP_STRETCHER_L": 0.0,
    "LIP_STRETCHER_R": 0.0,
    "LIP_SUCK_LB": 0.0,
    "LIP_SUCK_LT": 0.0,
    "LIP_SUCK_RB": 0.0,
    "LIP_SUCK_RT": 0.0,
    "LIP_TIGHTENER_L": 0.0,
    "LIP_TIGHTENER_R": 0.0,
    "LOWER_LIP_DEPRESSOR_L": 0.0,
    "LOWER_LIP_DEPRESSOR_R": 0.0,
    "MOUTH_LEFT": 0.0,
    "MOUTH_LOWERER": 0.0,
    "MOUTH_RAISER": 0.0,
    "MOUTH_RIGHT": 0.0,
    "NOSE_WRINKLER_L": 0.0,
    "NOSE_WRINKLER_R": 0.0,
    "OUTER_BROW_RAISER_L": 0.0,
    "OUTER_BROW_RAISER_R": 0.0,
    "UPPER_LID_RAISER_L": 0.0,
    "UPPER_LID_RAISER_R": 0.0,
    "UPPER_LIP_RAISER_L": 0.0,
    "UPPER_LIP_RAISER_R": 0.0
  },
  "rules_snapshot": {}
}