{
  "version": 1,
  "timestamp": "2026-03-30T17:43:46",
  "frame": 38,
  "label": "good",
  "note": "It is hard to evaluate the head because I think the eye rotation here is just distracting, but otherwise maybe the mouth and nose relationship feels off",
  "chaos_joints": {
    "JawBind": {
      "location": [
        0.0,
        0.0,
        0.0
      ],
      "rotation_quaternion": [
        1.0,
        0.0,
        0.0,
        0.0
      ],
      "scale": [
        0.9845378398895264,
        1.018349051475525,
        1.0
      ]
    },
    "MouthBind": {
      "location": [
        0.0,
        0.0,
        0.0
      ],
      "rotation_quaternion": [
        1.0,
        0.0,
        0.0,
        0.0
      ],
      "scale": [
        1.1344407796859741,
        1.2071032524108887,
        1.0
      ]
    },
    "MouthInnerBind": {
      "location": [
        0.0,
        0.0021406819578260183,
        0.0
      ],
      "rotation_quaternion": [
        1.0,
        0.0,
        0.0,
        0.0
      ],
      "scale": [
        0.9494858980178833,
        0.9531170129776001,
        1.0
      ]
    },
    "NoseBind": {
      "location": [
        0.0,
        -0.0035796957090497017,
        0.0
      ],
      "rotation_quaternion": [
        0.9994863271713257,
        0.032048434019088745,
        0.0,
        0.0
      ],
      "scale": [
        0.7724352478981018,
        1.0641812086105347,
        0.8120752573013306
      ]
    },
    "LeftBrowBind": {
      "location": [
        0.00038222497096285224,
        0.0,
        0.0
      ],
      "rotation_quaternion": [
        0.9999188780784607,
        -0.012552390806376934,
        0.0021669226698577404,
        2.7202269848203287e-05
      ],
      "scale": [
        0.9337385296821594,
        1.1779139041900635,
        1.0
      ]
    },
    "RightBrowBind": {
      "location": [
        -0.00038222497096285224,
        0.0,
        0.0
      ],
      "rotation_quaternion": [
        0.9999188780784607,
        -0.012552390806376934,
        -0.0021669226698577404,
        -2.7202269848203287e-05
      ],
      "scale": [
        0.9337385296821594,
        1.1779139041900635,
        1.0
      ]
    },
    "RightEyeSocketBind": {
      "location": [
        0.0036548825446516275,
        0.0002338802005397156,
        0.0
      ],
      "rotation_quaternion": [
        0.9996957778930664,
        0.0,
        0.0,
        0.02466536872088909
      ],
      "scale": [
        0.9844636917114258,
        1.0172219276428223,
        1.0
      ]
    },
    "LeftEyeSocketBind": {
      "location": [
        -0.0036548825446516275,
        0.0002338802005397156,
        0.0
      ],
      "rotation_quaternion": [
        0.9996957778930664,
        0.0,
        0.0,
        -0.02466536872088909
      ],
      "scale": [
        0.9844636917114258,
        1.0172219276428223,
        1.0
      ]
    },
    "FaceBind": {
      "location": [
        0.0,
        0.002603453816846013,
        0.00371856102719903
      ],
      "rotation_quaternion": [
        1.0,
        0.0,
        0.0,
        0.0
      ],
      "scale": [
        0.9858217835426331,
        0.9829510450363159,
        1.0179139375686646
      ]
    },
    "NeckBind": {
      "location": [
        0.0,
        0.0,
        0.0
      ],
      "rotation_quaternion": [
        1.0,
        0.0,
        0.0,
        0.0
      ],
      "scale": [
        0.8902631402015686,
        1.0,
        1.0428581237792969
      ]
    }
  },
  "variation_shapes": {
    "eyes_female_varGp01A": 0.0,
    "eyes_female_varGp01B": 0.0,
    "eyes_female_varGp01C": 0.0,
    "eyes_female_varGp01E": 0.0,
    "eyes_female_varGp01G": 0.31347545981407166,
    "eyes_female_varGp01I": 0.04848064109683037,
    "eyes_male_varGp01D": 0.0,
    "eyes_male_varGp01F": 0.2190629541873932,
    "eyes_male_varGp01H": 0.0,
    "eyes_male_varGp01J": 0.0,
    "eyes_male_varGp01K": 0.0,
    "eyes_male_varGp01L": 0.4189809560775757,
    "jaw_female_varGp01A": 0.0,
    "jaw_female_varGp01B": 0.0,
    "jaw_female_varGp01D": 0.0,
    "jaw_female_varGp01F": 0.0,
    "jaw_female_varGp01H": 0.0,
    "jaw_female_varGp01K": 0.0,
    "jaw_male_varGp01A": 0.0,
    "jaw_male_varGp01D": 0.0,
    "jaw_male_varGp01E": 0.0,
    "jaw_male_varGp01H": 1.0,
    "jaw_male_varGp01K": 0.0,
    "jaw_male_varGp01L": 0.0,
    "lips_female_varGp01C": 0.0,
    "lips_female_varGp01D": 0.21048422157764435,
    "lips_female_varGp01E": 0.0,
    "lips_female_varGp01F": 0.0,
    "lips_female_varGp01I": 0.0,
    "lips_female_varGp01J": 0.0,
    "lips_male_varGp01D": 0.0,
    "lips_male_varGp01F": 0.0,
    "lips_male_varGp01G": 0.0,
    "lips_male_varGp01H": 0.0,
    "lips_male_varGp01I": 0.0,
    "lips_male_varGp01K": 0.7895157933235168,
    "nose_female_varGp01A": 0.0,
    "nose_female_varGp01C": 0.20194321870803833,
    "nose_female_varGp01D": 0.0,
    "nose_female_varGp01F": 0.0,
    "nose_female_varGp01H": 0.3318270146846771,
    "nose_female_varGp01K": 0.0,
    "nose_male_varGp01A": 0.0,
    "nose_male_varGp01D": 0.46622976660728455,
    "nose_male_varGp01E": 0.0,
    "nose_male_varGp01G": 0.0,
    "nose_male_varGp01I": 0.0,
    "nose_male_varGp01K": 0.0
  },
  "expression_shapes": {
    "BROW_LOWERER_L": 0.0,
    "BROW_LOWERER_R": 0.0,
    "CHEEK_PUFF_L": 0.16659243404865265,
    "CHEEK_PUFF_R": 0.16659243404865265,
    "CHEEK_RAISER_L": 0.0,
    "CHEEK_RAISER_R": 0.0,
    "CHEEK_SUCK_L": 0.0,
    "CHEEK_SUCK_R": 0.0,
    "CHIN_DEPRESSOR_B": 0.0,
    "CHIN_RAISER_B": 0.0,
    "CHIN_RAISER_T": 0.0,
    "DIMPLER_L": 0.0,
    "DIMPLER_R": 0.0,
    "EYES_CLOSED_L": 0.0,
    "EYES_CLOSED_R": 0.0,
    "EYES_LOOK_DOWN_L": 0.0,
    "EYES_LOOK_DOWN_R": 0.0,
    "EYES_LOOK_LEFT_L": 0.0,
    "EYES_LOOK_LEFT_R": 0.0,
    "EYES_LOOK_RIGHT_L": 0.0,
    "EYES_LOOK_RIGHT_R": 0.0,
    "EYES_LOOK_UP_L": 0.0,
    "EYES_LOOK_UP_R": 0.0,
    "INNER_BROW_CONTRACTOR_L": 0.0,
    "INNER_BROW_CONTRACTOR_R": 0.0,
    "INNER_BROW_RAISER_L": 0.0,
    "INNER_BROW_RAISER_R": 0.0,
    "JAW_COMPRESSOR": 0.0,
    "JAW_DROP": 0.0,
    "JAW_RETREAT": 0.0,
    "JAW_SIDEWAYS_LEFT": 0.0,
    "JAW_SIDEWAYS_RIGHT": 0.0,
    "JAW_THRUST": 0.0,
    "LID_TIGHTENER_L": 0.0,
    "LID_TIGHTENER_R": 0.0,
    "LIPS_TOWARD": 0.0,
    "LIP_CORNER_DEPRESSOR_L": 0.0,
    "LIP_CORNER_DEPRESSOR_R": 0.0,
    "LIP_CORNER_PULLER_L": 0.0,
    "LIP_CORNER_PULLER_R": 0.0,
    "LIP_FUNNELER_LB": 0.0,
    "LIP_FUNNELER_LT": 0.0,
    "LIP_FUNNELER_RB": 0.0,
    "LIP_FUNNELER_RT": 0.0,
    "LIP_PRESSOR_L": 0.0,
    "LIP_PRESSOR_R": 0.0,
    "LIP_PUCKER_L": 0.0,
    "LIP_PUCKER_R": 0.0,
    "LIP_STRETCHER_L": 0.0,
    "LIP_STRETCHER_R": 0.0,
    "LIP_SUCK_LB": 0.0,
    "LIP_SUCK_LT": 0.0,
    "LIP_SUCK_RB": 0.0,
    "LIP_SUCK_RT": 0.0,
    "LIP_TIGHTENER_L": 0.0,
    "LIP_TIGHTENER_R": 0.0,
    "LOWER_LIP_DEPRESSOR_L": 0.0,
    "LOWER_LIP_DEPRESSOR_R": 0.0,
    "MOUTH_LEFT": 0.0,
    "MOUTH_LOWERER": 0.0,
    "MOUTH_RAISER": 0.0,
    "MOUTH_RIGHT": 0.0,
    "NOSE_WRINKLER_L": 0.0,
    "NOSE_WRINKLER_R": 0.0,
    "OUTER_BROW_RAISER_L": 0.0,
    "OUTER_BROW_RAISER_R": 0.0,
    "UPPER_LID_RAISER_L": 0.0,
    "UPPER_LID_RAISER_R": 0.0,
    "UPPER_LIP_RAISER_L": 0.0,
    "UPPER_LIP_RAISER_R": 0.0
  },
  "rules_snapshot": {}
}