{
  "version": 1,
  "timestamp": "2026-03-30T17:40:52",
  "frame": 33,
  "label": "good",
  "note": "Nose might be the tiniest bit tiny compared to the rest of the features, particularly the mouth, but otherwise an attractive feminin face.",
  "chaos_joints": {
    "JawBind": {
      "location": [
        0.0,
        0.0,
        0.0
      ],
      "rotation_quaternion": [
        1.0,
        0.0,
        0.0,
        0.0
      ],
      "scale": [
        1.0356653928756714,
        0.9915058612823486,
        1.0
      ]
    },
    "MouthBind": {
      "location": [
        0.0,
        0.0,
        0.0
      ],
      "rotation_quaternion": [
        1.0,
        0.0,
        0.0,
        0.0
      ],
      "scale": [
        0.9711585640907288,
        1.2961759567260742,
        1.0
      ]
    },
    "MouthInnerBind": {
      "location": [
        0.0,
        0.002292191842570901,
        0.0
      ],
      "rotation_quaternion": [
        1.0,
        0.0,
        0.0,
        0.0
      ],
      "scale": [
        1.01449716091156,
        0.9400635957717896,
        1.0
      ]
    },
    "NoseBind": {
      "location": [
        0.0,
        -0.0019438148010522127,
        0.0
      ],
      "rotation_quaternion": [
        0.998652994632721,
        0.051886916160583496,
        0.0,
        0.0
      ],
      "scale": [
        0.8006330132484436,
        0.7745860815048218,
        1.1371568441390991
      ]
    },
    "LeftBrowBind": {
      "location": [
        -0.0009119719616137445,
        0.0,
        0.0
      ],
      "rotation_quaternion": [
        0.999880313873291,
        -0.013208541087806225,
        0.008052323944866657,
        0.00010637217928888276
      ],
      "scale": [
        1.0011026859283447,
        0.79379802942276,
        1.0
      ]
    },
    "RightBrowBind": {
      "location": [
        0.0009119719616137445,
        0.0,
        0.0
      ],
      "rotation_quaternion": [
        0.999880313873291,
        -0.013208541087806225,
        -0.008052323944866657,
        -0.00010637217928888276
      ],
      "scale": [
        1.0011026859283447,
        0.79379802942276,
        1.0
      ]
    },
    "RightEyeSocketBind": {
      "location": [
        -0.0029579843394458294,
        -0.003888227976858616,
        0.0
      ],
      "rotation_quaternion": [
        0.99928879737854,
        0.0,
        0.0,
        0.037707697600126266
      ],
      "scale": [
        0.9788538217544556,
        0.9174897074699402,
        1.0
      ]
    },
    "LeftEyeSocketBind": {
      "location": [
        0.0029579843394458294,
        -0.003888227976858616,
        0.0
      ],
      "rotation_quaternion": [
        0.99928879737854,
        0.0,
        0.0,
        -0.037707697600126266
      ],
      "scale": [
        0.9788538217544556,
        0.9174897074699402,
        1.0
      ]
    },
    "FaceBind": {
      "location": [
        0.0,
        0.0005429014563560486,
        -0.00036540839937515557
      ],
      "rotation_quaternion": [
        1.0,
        0.0,
        0.0,
        0.0
      ],
      "scale": [
        1.010855793952942,
        0.9909563660621643,
        1.0060735940933228
      ]
    },
    "NeckBind": {
      "location": [
        0.0,
        0.0,
        0.0
      ],
      "rotation_quaternion": [
        1.0,
        0.0,
        0.0,
        0.0
      ],
      "scale": [
        0.8233631253242493,
        1.0,
        1.00444757938385
      ]
    }
  },
  "variation_shapes": {
    "eyes_female_varGp01A": 0.0,
    "eyes_female_varGp01B": 0.35199230909347534,
    "eyes_female_varGp01C": 0.0,
    "eyes_female_varGp01E": 0.0,
    "eyes_female_varGp01G": 0.2540341317653656,
    "eyes_female_varGp01I": 0.19189560413360596,
    "eyes_male_varGp01D": 0.0,
    "eyes_male_varGp01F": 0.2020779401063919,
    "eyes_male_varGp01H": 0.0,
    "eyes_male_varGp01J": 0.0,
    "eyes_male_varGp01K": 0.0,
    "eyes_male_varGp01L": 0.0,
    "jaw_female_varGp01A": 0.0,
    "jaw_female_varGp01B": 0.0,
    "jaw_female_varGp01D": 0.22102785110473633,
    "jaw_female_varGp01F": 0.0,
    "jaw_female_varGp01H": 0.4365791380405426,
    "jaw_female_varGp01K": 0.0,
    "jaw_male_varGp01A": 0.0,
    "jaw_male_varGp01D": 0.0,
    "jaw_male_varGp01E": 0.0,
    "jaw_male_varGp01H": 0.34239304065704346,
    "jaw_male_varGp01K": 0.0,
    "jaw_male_varGp01L": 0.0,
    "lips_female_varGp01C": 0.0,
    "lips_female_varGp01D": 0.1675781011581421,
    "lips_female_varGp01E": 0.0,
    "lips_female_varGp01F": 0.0,
    "lips_female_varGp01I": 0.0,
    "lips_female_varGp01J": 0.0,
    "lips_male_varGp01D": 0.0,
    "lips_male_varGp01F": 0.0,
    "lips_male_varGp01G": 0.756612241268158,
    "lips_male_varGp01H": 0.0,
    "lips_male_varGp01I": 0.07580967992544174,
    "lips_male_varGp01K": 0.0,
    "nose_female_varGp01A": 0.0,
    "nose_female_varGp01C": 0.0,
    "nose_female_varGp01D": 0.0,
    "nose_female_varGp01F": 0.2946452498435974,
    "nose_female_varGp01H": 0.0,
    "nose_female_varGp01K": 0.3951992392539978,
    "nose_male_varGp01A": 0.0,
    "nose_male_varGp01D": 0.0,
    "nose_male_varGp01E": 0.0,
    "nose_male_varGp01G": 0.3101555109024048,
    "nose_male_varGp01I": 0.0,
    "nose_male_varGp01K": 0.0
  },
  "expression_shapes": {
    "BROW_LOWERER_L": 0.0,
    "BROW_LOWERER_R": 0.0,
    "CHEEK_PUFF_L": 0.06779614835977554,
    "CHEEK_PUFF_R": 0.06779614835977554,
    "CHEEK_RAISER_L": 0.0,
    "CHEEK_RAISER_R": 0.0,
    "CHEEK_SUCK_L": 0.0,
    "CHEEK_SUCK_R": 0.0,
    "CHIN_DEPRESSOR_B": 0.0,
    "CHIN_RAISER_B": 0.0,
    "CHIN_RAISER_T": 0.0,
    "DIMPLER_L": 0.0,
    "DIMPLER_R": 0.0,
    "EYES_CLOSED_L": 0.0,
    "EYES_CLOSED_R": 0.0,
    "EYES_LOOK_DOWN_L": 0.0,
    "EYES_LOOK_DOWN_R": 0.0,
    "EYES_LOOK_LEFT_L": 0.0,
    "EYES_LOOK_LEFT_R": 0.0,
    "EYES_LOOK_RIGHT_L": 0.0,
    "EYES_LOOK_RIGHT_R": 0.0,
    "EYES_LOOK_UP_L": 0.0,
    "EYES_LOOK_UP_R": 0.0,
    "INNER_BROW_CONTRACTOR_L": 0.0,
    "INNER_BROW_CONTRACTOR_R": 0.0,
    "INNER_BROW_RAISER_L": 0.0,
    "INNER_BROW_RAISER_R": 0.0,
    "JAW_COMPRESSOR": 0.0,
    "JAW_DROP": 0.0,
    "JAW_RETREAT": 0.0,
    "JAW_SIDEWAYS_LEFT": 0.0,
    "JAW_SIDEWAYS_RIGHT": 0.0,
    "JAW_THRUST": 0.0,
    "LID_TIGHTENER_L": 0.0,
    "LID_TIGHTENER_R": 0.0,
    "LIPS_TOWARD": 0.0,
    "LIP_CORNER_DEPRESSOR_L": 0.0,
    "LIP_CORNER_DEPRESSOR_R": 0.0,
    "LIP_CORNER_PULLER_L": 0.0,
    "LIP_CORNER_PULLER_R": 0.0,
    "LIP_FUNNELER_LB": 0.0,
    "LIP_FUNNELER_LT": 0.0,
    "LIP_FUNNELER_RB": 0.0,
    "LIP_FUNNELER_RT": 0.0,
    "LIP_PRESSOR_L": 0.0,
    "LIP_PRESSOR_R": 0.0,
    "LIP_PUCKER_L": 0.0,
    "LIP_PUCKER_R": 0.0,
    "LIP_STRETCHER_L": 0.0,
    "LIP_STRETCHER_R": 0.0,
    "LIP_SUCK_LB": 0.0,
    "LIP_SUCK_LT": 0.0,
    "LIP_SUCK_RB": 0.0,
    "LIP_SUCK_RT": 0.0,
    "LIP_TIGHTENER_L": 0.0,
    "LIP_TIGHTENER_R": 0.0,
    "LOWER_LIP_DEPRESSOR_L": 0.0,
    "LOWER_LIP_DEPRESSOR_R": 0.0,
    "MOUTH_LEFT": 0.0,
    "MOUTH_LOWERER": 0.0,
    "MOUTH_RAISER": 0.0,
    "MOUTH_RIGHT": 0.0,
    "NOSE_WRINKLER_L": 0.0,
    "NOSE_WRINKLER_R": 0.0,
    "OUTER_BROW_RAISER_L": 0.0,
    "OUTER_BROW_RAISER_R": 0.0,
    "UPPER_LID_RAISER_L": 0.0,
    "UPPER_LID_RAISER_R": 0.0,
    "UPPER_LIP_RAISER_L": 0.0,
    "UPPER_LIP_RAISER_R": 0.0
  },
  "rules_snapshot": {}
}