{
  "version": 1,
  "timestamp": "2026-03-30T18:14:35",
  "frame": 98,
  "label": "good",
  "note": "unremarkable but unoffensive",
  "chaos_joints": {
    "JawBind": {
      "location": [
        0.0,
        0.0,
        0.0
      ],
      "rotation_quaternion": [
        1.0,
        0.0,
        0.0,
        0.0
      ],
      "scale": [
        0.9294722080230713,
        1.0229164361953735,
        1.0
      ]
    },
    "MouthBind": {
      "location": [
        0.0,
        0.0,
        0.0
      ],
      "rotation_quaternion": [
        1.0,
        0.0,
        0.0,
        0.0
      ],
      "scale": [
        1.0300102233886719,
        0.9470162391662598,
        1.0
      ]
    },
    "MouthInnerBind": {
      "location": [
        0.0,
        -0.002258463529869914,
        0.0
      ],
      "rotation_quaternion": [
        1.0,
        0.0,
        0.0,
        0.0
      ],
      "scale": [
        1.0087785720825195,
        0.9700320363044739,
        1.0
      ]
    },
    "NoseBind": {
      "location": [
        0.0,
        -0.0034487370867282152,
        0.0
      ],
      "rotation_quaternion": [
        0.9996466636657715,
        -0.026581833139061928,
        0.0,
        0.0
      ],
      "scale": [
        0.9402117133140564,
        0.8302462100982666,
        0.859406054019928
      ]
    },
    "LeftBrowBind": {
      "location": [
        -0.0001773574185790494,
        0.0,
        0.0
      ],
      "rotation_quaternion": [
        0.999794602394104,
        -0.006206516642123461,
        0.019294138997793198,
        0.00011977399117313325
      ],
      "scale": [
        0.9002949595451355,
        1.1659560203552246,
        1.0
      ]
    },
    "RightBrowBind": {
      "location": [
        0.0001773574185790494,
        0.0,
        0.0
      ],
      "rotation_quaternion": [
        0.999794602394104,
        -0.006206516642123461,
        -0.019294138997793198,
        -0.00011977399117313325
      ],
      "scale": [
        0.9002949595451355,
        1.1659560203552246,
        1.0
      ]
    },
    "RightEyeSocketBind": {
      "location": [
        0.003799926256760955,
        -0.0025648195296525955,
        0.0
      ],
      "rotation_quaternion": [
        0.999999463558197,
        0.0,
        0.0,
        -0.0010168764274567366
      ],
      "scale": [
        0.9753986597061157,
        1.0359104871749878,
        1.0
      ]
    },
    "LeftEyeSocketBind": {
      "location": [
        -0.003799926256760955,
        -0.0025648195296525955,
        0.0
      ],
      "rotation_quaternion": [
        0.999999463558197,
        0.0,
        0.0,
        0.0010168764274567366
      ],
      "scale": [
        0.9753986597061157,
        1.0359104871749878,
        1.0
      ]
    },
    "FaceBind": {
      "location": [
        0.0,
        -0.003976148087531328,
        -0.0026795172598212957
      ],
      "rotation_quaternion": [
        1.0,
        0.0,
        0.0,
        0.0
      ],
      "scale": [
        1.0190119743347168,
        1.0039469003677368,
        0.9904805421829224
      ]
    },
    "NeckBind": {
      "location": [
        0.0,
        0.0,
        0.0
      ],
      "rotation_quaternion": [
        1.0,
        0.0,
        0.0,
        0.0
      ],
      "scale": [
        0.932849645614624,
        1.0,
        0.9558250308036804
      ]
    }
  },
  "variation_shapes": {
    "eyes_female_varGp01A": 0.0,
    "eyes_female_varGp01B": 0.0,
    "eyes_female_varGp01C": 0.24714499711990356,
    "eyes_female_varGp01E": 0.0,
    "eyes_female_varGp01G": 0.480110764503479,
    "eyes_female_varGp01I": 0.0,
    "eyes_male_varGp01D": 0.0,
    "eyes_male_varGp01F": 0.0,
    "eyes_male_varGp01H": 0.0,
    "eyes_male_varGp01J": 0.0,
    "eyes_male_varGp01K": 0.0,
    "eyes_male_varGp01L": 0.27274423837661743,
    "jaw_female_varGp01A": 0.0,
    "jaw_female_varGp01B": 0.3349330723285675,
    "jaw_female_varGp01D": 0.0,
    "jaw_female_varGp01F": 0.4405268728733063,
    "jaw_female_varGp01H": 0.0,
    "jaw_female_varGp01K": 0.0,
    "jaw_male_varGp01A": 0.0,
    "jaw_male_varGp01D": 0.0,
    "jaw_male_varGp01E": 0.0,
    "jaw_male_varGp01H": 0.11084647476673126,
    "jaw_male_varGp01K": 0.11369355767965317,
    "jaw_male_varGp01L": 0.0,
    "lips_female_varGp01C": 0.10720297694206238,
    "lips_female_varGp01D": 0.0,
    "lips_female_varGp01E": 0.0,
    "lips_female_varGp01F": 0.252593070268631,
    "lips_female_varGp01I": 0.0,
    "lips_female_varGp01J": 0.0,
    "lips_male_varGp01D": 0.0,
    "lips_male_varGp01F": 0.0,
    "lips_male_varGp01G": 0.6402039527893066,
    "lips_male_varGp01H": 0.0,
    "lips_male_varGp01I": 0.0,
    "lips_male_varGp01K": 0.0,
    "nose_female_varGp01A": 0.2957026958465576,
    "nose_female_varGp01C": 0.0,
    "nose_female_varGp01D": 0.0,
    "nose_female_varGp01F": 0.21126528084278107,
    "nose_female_varGp01H": 0.0,
    "nose_female_varGp01K": 0.27419257164001465,
    "nose_male_varGp01A": 0.0,
    "nose_male_varGp01D": 0.21883946657180786,
    "nose_male_varGp01E": 0.0,
    "nose_male_varGp01G": 0.0,
    "nose_male_varGp01I": 0.0,
    "nose_male_varGp01K": 0.0
  },
  "expression_shapes": {
    "BROW_LOWERER_L": 0.0,
    "BROW_LOWERER_R": 0.0,
    "CHEEK_PUFF_L": 0.24206461012363434,
    "CHEEK_PUFF_R": 0.24206461012363434,
    "CHEEK_RAISER_L": 0.0,
    "CHEEK_RAISER_R": 0.0,
    "CHEEK_SUCK_L": 0.0,
    "CHEEK_SUCK_R": 0.0,
    "CHIN_DEPRESSOR_B": 0.0,
    "CHIN_RAISER_B": 0.0,
    "CHIN_RAISER_T": 0.0,
    "DIMPLER_L": 0.0,
    "DIMPLER_R": 0.0,
    "EYES_CLOSED_L": 0.0,
    "EYES_CLOSED_R": 0.0,
    "EYES_LOOK_DOWN_L": 0.0,
    "EYES_LOOK_DOWN_R": 0.0,
    "EYES_LOOK_LEFT_L": 0.0,
    "EYES_LOOK_LEFT_R": 0.0,
    "EYES_LOOK_RIGHT_L": 0.0,
    "EYES_LOOK_RIGHT_R": 0.0,
    "EYES_LOOK_UP_L": 0.0,
    "EYES_LOOK_UP_R": 0.0,
    "INNER_BROW_CONTRACTOR_L": 0.0,
    "INNER_BROW_CONTRACTOR_R": 0.0,
    "INNER_BROW_RAISER_L": 0.0,
    "INNER_BROW_RAISER_R": 0.0,
    "JAW_COMPRESSOR": 0.0,
    "JAW_DROP": 0.0,
    "JAW_RETREAT": 0.0,
    "JAW_SIDEWAYS_LEFT": 0.0,
    "JAW_SIDEWAYS_RIGHT": 0.0,
    "JAW_THRUST": 0.0,
    "LID_TIGHTENER_L": 0.0,
    "LID_TIGHTENER_R": 0.0,
    "LIPS_TOWARD": 0.0,
    "LIP_CORNER_DEPRESSOR_L": 0.0,
    "LIP_CORNER_DEPRESSOR_R": 0.0,
    "LIP_CORNER_PULLER_L": 0.0,
    "LIP_CORNER_PULLER_R": 0.0,
    "LIP_FUNNELER_LB": 0.0,
    "LIP_FUNNELER_LT": 0.0,
    "LIP_FUNNELER_RB": 0.0,
    "LIP_FUNNELER_RT": 0.0,
    "LIP_PRESSOR_L": 0.0,
    "LIP_PRESSOR_R": 0.0,
    "LIP_PUCKER_L": 0.0,
    "LIP_PUCKER_R": 0.0,
    "LIP_STRETCHER_L": 0.0,
    "LIP_STRETCHER_R": 0.0,
    "LIP_SUCK_LB": 0.0,
    "LIP_SUCK_LT": 0.0,
    "LIP_SUCK_RB": 0.0,
    "LIP_SUCK_RT": 0.0,
    "LIP_TIGHTENER_L": 0.0,
    "LIP_TIGHTENER_R": 0.0,
    "LOWER_LIP_DEPRESSOR_L": 0.0,
    "LOWER_LIP_DEPRESSOR_R": 0.0,
    "MOUTH_LEFT": 0.0,
    "MOUTH_LOWERER": 0.0,
    "MOUTH_RAISER": 0.0,
    "MOUTH_RIGHT": 0.0,
    "NOSE_WRINKLER_L": 0.0,
    "NOSE_WRINKLER_R": 0.0,
    "OUTER_BROW_RAISER_L": 0.0,
    "OUTER_BROW_RAISER_R": 0.0,
    "UPPER_LID_RAISER_L": 0.0,
    "UPPER_LID_RAISER_R": 0.0,
    "UPPER_LIP_RAISER_L": 0.0,
    "UPPER_LIP_RAISER_R": 0.0
  },
  "rules_snapshot": {}
}