{
  "version": 1,
  "timestamp": "2026-03-30T17:54:10",
  "frame": 61,
  "label": "good",
  "note": "Unremarkable",
  "chaos_joints": {
    "JawBind": {
      "location": [
        0.0,
        0.0,
        0.0
      ],
      "rotation_quaternion": [
        1.0,
        0.0,
        0.0,
        0.0
      ],
      "scale": [
        1.0145963430404663,
        0.9611918330192566,
        1.0
      ]
    },
    "MouthBind": {
      "location": [
        0.0,
        0.0,
        0.0
      ],
      "rotation_quaternion": [
        1.0,
        0.0,
        0.0,
        0.0
      ],
      "scale": [
        1.097142219543457,
        0.6970512270927429,
        1.0
      ]
    },
    "MouthInnerBind": {
      "location": [
        0.0,
        -0.0013777317944914103,
        0.0
      ],
      "rotation_quaternion": [
        1.0,
        0.0,
        0.0,
        0.0
      ],
      "scale": [
        1.067826747894287,
        1.0001140832901,
        1.0
      ]
    },
    "NoseBind": {
      "location": [
        0.0,
        0.002961610211059451,
        0.0
      ],
      "rotation_quaternion": [
        0.9979844093322754,
        0.0634598508477211,
        0.0,
        0.0
      ],
      "scale": [
        0.9129331111907959,
        0.9854899048805237,
        0.9511770009994507
      ]
    },
    "LeftBrowBind": {
      "location": [
        0.0008353422163054347,
        0.0,
        0.0
      ],
      "rotation_quaternion": [
        0.9998117685317993,
        -0.011193335987627506,
        0.015846271067857742,
        0.00017740603652782738
      ],
      "scale": [
        1.0537148714065552,
        1.0535832643508911,
        1.0
      ]
    },
    "RightBrowBind": {
      "location": [
        -0.0008353422163054347,
        0.0,
        0.0
      ],
      "rotation_quaternion": [
        0.9998117685317993,
        -0.011193335987627506,
        -0.015846271067857742,
        -0.00017740603652782738
      ],
      "scale": [
        1.0537148714065552,
        1.0535832643508911,
        1.0
      ]
    },
    "RightEyeSocketBind": {
      "location": [
        -0.0002307824179297313,
        -0.0010772678069770336,
        0.0
      ],
      "rotation_quaternion": [
        0.9997395873069763,
        0.0,
        0.0,
        -0.022820277139544487
      ],
      "scale": [
        1.00330650806427,
        1.057616114616394,
        1.0
      ]
    },
    "LeftEyeSocketBind": {
      "location": [
        0.0002307824179297313,
        -0.0010772678069770336,
        0.0
      ],
      "rotation_quaternion": [
        0.9997395873069763,
        0.0,
        0.0,
        0.022820277139544487
      ],
      "scale": [
        1.00330650806427,
        1.057616114616394,
        1.0
      ]
    },
    "FaceBind": {
      "location": [
        0.0,
        -0.003381734946742654,
        -0.004585759714245796
      ],
      "rotation_quaternion": [
        1.0,
        0.0,
        0.0,
        0.0
      ],
      "scale": [
        0.9893684983253479,
        0.9869877696037292,
        1.0199155807495117
      ]
    },
    "NeckBind": {
      "location": [
        0.0,
        0.0,
        0.0
      ],
      "rotation_quaternion": [
        1.0,
        0.0,
        0.0,
        0.0
      ],
      "scale": [
        0.8315567374229431,
        1.0,
        1.0237447023391724
      ]
    }
  },
  "variation_shapes": {
    "eyes_female_varGp01A": 0.33671340346336365,
    "eyes_female_varGp01B": 0.0,
    "eyes_female_varGp01C": 0.0,
    "eyes_female_varGp01E": 0.0,
    "eyes_female_varGp01G": 0.0,
    "eyes_female_varGp01I": 0.0,
    "eyes_male_varGp01D": 0.14525827765464783,
    "eyes_male_varGp01F": 0.0,
    "eyes_male_varGp01H": 0.0,
    "eyes_male_varGp01J": 0.0,
    "eyes_male_varGp01K": 0.5180283188819885,
    "eyes_male_varGp01L": 0.0,
    "jaw_female_varGp01A": 0.14414161443710327,
    "jaw_female_varGp01B": 0.0,
    "jaw_female_varGp01D": 0.0,
    "jaw_female_varGp01F": 0.05400865897536278,
    "jaw_female_varGp01H": 0.0,
    "jaw_female_varGp01K": 0.0,
    "jaw_male_varGp01A": 0.0,
    "jaw_male_varGp01D": 0.0,
    "jaw_male_varGp01E": 0.5384306907653809,
    "jaw_male_varGp01H": 0.0,
    "jaw_male_varGp01K": 0.2634190022945404,
    "jaw_male_varGp01L": 0.0,
    "lips_female_varGp01C": 0.0,
    "lips_female_varGp01D": 0.0,
    "lips_female_varGp01E": 0.0,
    "lips_female_varGp01F": 1.0,
    "lips_female_varGp01I": 0.0,
    "lips_female_varGp01J": 0.0,
    "lips_male_varGp01D": 0.0,
    "lips_male_varGp01F": 0.0,
    "lips_male_varGp01G": 0.0,
    "lips_male_varGp01H": 0.0,
    "lips_male_varGp01I": 0.0,
    "lips_male_varGp01K": 0.0,
    "nose_female_varGp01A": 0.0,
    "nose_female_varGp01C": 0.0,
    "nose_female_varGp01D": 0.0,
    "nose_female_varGp01F": 0.0,
    "nose_female_varGp01H": 0.35698527097702026,
    "nose_female_varGp01K": 0.0,
    "nose_male_varGp01A": 0.0,
    "nose_male_varGp01D": 0.6430147290229797,
    "nose_male_varGp01E": 0.0,
    "nose_male_varGp01G": 0.0,
    "nose_male_varGp01I": 0.0,
    "nose_male_varGp01K": 0.0
  },
  "expression_shapes": {
    "BROW_LOWERER_L": 0.0,
    "BROW_LOWERER_R": 0.0,
    "CHEEK_PUFF_L": 0.13440075516700745,
    "CHEEK_PUFF_R": 0.13440075516700745,
    "CHEEK_RAISER_L": 0.0,
    "CHEEK_RAISER_R": 0.0,
    "CHEEK_SUCK_L": 0.0,
    "CHEEK_SUCK_R": 0.0,
    "CHIN_DEPRESSOR_B": 0.0,
    "CHIN_RAISER_B": 0.0,
    "CHIN_RAISER_T": 0.0,
    "DIMPLER_L": 0.0,
    "DIMPLER_R": 0.0,
    "EYES_CLOSED_L": 0.0,
    "EYES_CLOSED_R": 0.0,
    "EYES_LOOK_DOWN_L": 0.0,
    "EYES_LOOK_DOWN_R": 0.0,
    "EYES_LOOK_LEFT_L": 0.0,
    "EYES_LOOK_LEFT_R": 0.0,
    "EYES_LOOK_RIGHT_L": 0.0,
    "EYES_LOOK_RIGHT_R": 0.0,
    "EYES_LOOK_UP_L": 0.0,
    "EYES_LOOK_UP_R": 0.0,
    "INNER_BROW_CONTRACTOR_L": 0.0,
    "INNER_BROW_CONTRACTOR_R": 0.0,
    "INNER_BROW_RAISER_L": 0.0,
    "INNER_BROW_RAISER_R": 0.0,
    "JAW_COMPRESSOR": 0.0,
    "JAW_DROP": 0.0,
    "JAW_RETREAT": 0.0,
    "JAW_SIDEWAYS_LEFT": 0.0,
    "JAW_SIDEWAYS_RIGHT": 0.0,
    "JAW_THRUST": 0.0,
    "LID_TIGHTENER_L": 0.0,
    "LID_TIGHTENER_R": 0.0,
    "LIPS_TOWARD": 0.0,
    "LIP_CORNER_DEPRESSOR_L": 0.0,
    "LIP_CORNER_DEPRESSOR_R": 0.0,
    "LIP_CORNER_PULLER_L": 0.0,
    "LIP_CORNER_PULLER_R": 0.0,
    "LIP_FUNNELER_LB": 0.0,
    "LIP_FUNNELER_LT": 0.0,
    "LIP_FUNNELER_RB": 0.0,
    "LIP_FUNNELER_RT": 0.0,
    "LIP_PRESSOR_L": 0.0,
    "LIP_PRESSOR_R": 0.0,
    "LIP_PUCKER_L": 0.0,
    "LIP_PUCKER_R": 0.0,
    "LIP_STRETCHER_L": 0.0,
    "LIP_STRETCHER_R": 0.0,
    "LIP_SUCK_LB": 0.0,
    "LIP_SUCK_LT": 0.0,
    "LIP_SUCK_RB": 0.0,
    "LIP_SUCK_RT": 0.0,
    "LIP_TIGHTENER_L": 0.0,
    "LIP_TIGHTENER_R": 0.0,
    "LOWER_LIP_DEPRESSOR_L": 0.0,
    "LOWER_LIP_DEPRESSOR_R": 0.0,
    "MOUTH_LEFT": 0.0,
    "MOUTH_LOWERER": 0.0,
    "MOUTH_RAISER": 0.0,
    "MOUTH_RIGHT": 0.0,
    "NOSE_WRINKLER_L": 0.0,
    "NOSE_WRINKLER_R": 0.0,
    "OUTER_BROW_RAISER_L": 0.0,
    "OUTER_BROW_RAISER_R": 0.0,
    "UPPER_LID_RAISER_L": 0.0,
    "UPPER_LID_RAISER_R": 0.0,
    "UPPER_LIP_RAISER_L": 0.0,
    "UPPER_LIP_RAISER_R": 0.0
  },
  "rules_snapshot": {}
}