{
  "version": 1,
  "timestamp": "2026-03-30T18:11:33",
  "frame": 93,
  "label": "good",
  "note": "10/10 attractive",
  "chaos_joints": {
    "JawBind": {
      "location": [
        0.0,
        0.0,
        0.0
      ],
      "rotation_quaternion": [
        1.0,
        0.0,
        0.0,
        0.0
      ],
      "scale": [
        1.0950994491577148,
        0.9551442265510559,
        1.0
      ]
    },
    "MouthBind": {
      "location": [
        0.0,
        0.0,
        0.0
      ],
      "rotation_quaternion": [
        1.0,
        0.0,
        0.0,
        0.0
      ],
      "scale": [
        0.8825477957725525,
        1.3342818021774292,
        1.0
      ]
    },
    "MouthInnerBind": {
      "location": [
        0.0,
        -0.0016010930994525552,
        0.0
      ],
      "rotation_quaternion": [
        1.0,
        0.0,
        0.0,
        0.0
      ],
      "scale": [
        1.0212645530700684,
        1.0212931632995605,
        1.0
      ]
    },
    "NoseBind": {
      "location": [
        0.0,
        0.0014079519314691424,
        0.0
      ],
      "rotation_quaternion": [
        0.9971498250961304,
        0.07544706761837006,
        0.0,
        0.0
      ],
      "scale": [
        1.0554986000061035,
        1.1306031942367554,
        0.9004017114639282
      ]
    },
    "LeftBrowBind": {
      "location": [
        -0.00010747960914159194,
        0.0,
        0.0
      ],
      "rotation_quaternion": [
        0.999860942363739,
        0.01425493136048317,
        0.008656324818730354,
        -0.00012341247929725796
      ],
      "scale": [
        1.094179630279541,
        1.0940728187561035,
        1.0
      ]
    },
    "RightBrowBind": {
      "location": [
        0.00010747960914159194,
        0.0,
        0.0
      ],
      "rotation_quaternion": [
        0.999860942363739,
        0.01425493136048317,
        -0.008656324818730354,
        0.00012341247929725796
      ],
      "scale": [
        1.094179630279541,
        1.0940728187561035,
        1.0
      ]
    },
    "RightEyeSocketBind": {
      "location": [
        -0.00014490779722109437,
        0.0006845766911283135,
        0.0
      ],
      "rotation_quaternion": [
        0.9998809099197388,
        0.0,
        0.0,
        -0.01543219294399023
      ],
      "scale": [
        1.074221134185791,
        1.0959689617156982,
        1.0
      ]
    },
    "LeftEyeSocketBind": {
      "location": [
        0.00014490779722109437,
        0.0006845766911283135,
        0.0
      ],
      "rotation_quaternion": [
        0.9998809099197388,
        0.0,
        0.0,
        0.01543219294399023
      ],
      "scale": [
        1.074221134185791,
        1.0959689617156982,
        1.0
      ]
    },
    "FaceBind": {
      "location": [
        0.0,
        0.003478321712464094,
        -0.0010653287172317505
      ],
      "rotation_quaternion": [
        1.0,
        0.0,
        0.0,
        0.0
      ],
      "scale": [
        0.9876602292060852,
        0.9806966185569763,
        1.0047173500061035
      ]
    },
    "NeckBind": {
      "location": [
        0.0,
        0.0,
        0.0
      ],
      "rotation_quaternion": [
        1.0,
        0.0,
        0.0,
        0.0
      ],
      "scale": [
        1.11516535282135,
        1.0,
        1.030154824256897
      ]
    }
  },
  "variation_shapes": {
    "eyes_female_varGp01A": 0.0,
    "eyes_female_varGp01B": 0.0,
    "eyes_female_varGp01C": 0.0,
    "eyes_female_varGp01E": 0.2304188311100006,
    "eyes_female_varGp01G": 0.42699959874153137,
    "eyes_female_varGp01I": 0.29964786767959595,
    "eyes_male_varGp01D": 0.0,
    "eyes_male_varGp01F": 0.0,
    "eyes_male_varGp01H": 0.0,
    "eyes_male_varGp01J": 0.0,
    "eyes_male_varGp01K": 0.0,
    "eyes_male_varGp01L": 0.04293370991945267,
    "jaw_female_varGp01A": 0.1132989376783371,
    "jaw_female_varGp01B": 0.0,
    "jaw_female_varGp01D": 0.0,
    "jaw_female_varGp01F": 0.33913302421569824,
    "jaw_female_varGp01H": 0.4523374140262604,
    "jaw_female_varGp01K": 0.0,
    "jaw_male_varGp01A": 0.0,
    "jaw_male_varGp01D": 0.0,
    "jaw_male_varGp01E": 0.09523064643144608,
    "jaw_male_varGp01H": 0.0,
    "jaw_male_varGp01K": 0.0,
    "jaw_male_varGp01L": 0.0,
    "lips_female_varGp01C": 0.0,
    "lips_female_varGp01D": 0.0,
    "lips_female_varGp01E": 0.0,
    "lips_female_varGp01F": 0.0,
    "lips_female_varGp01I": 0.0,
    "lips_female_varGp01J": 0.0,
    "lips_male_varGp01D": 0.0,
    "lips_male_varGp01F": 0.014086173847317696,
    "lips_male_varGp01G": 0.0,
    "lips_male_varGp01H": 0.9859138131141663,
    "lips_male_varGp01I": 0.0,
    "lips_male_varGp01K": 0.0,
    "nose_female_varGp01A": 0.0,
    "nose_female_varGp01C": 0.0,
    "nose_female_varGp01D": 0.0,
    "nose_female_varGp01F": 0.0,
    "nose_female_varGp01H": 0.0,
    "nose_female_varGp01K": 0.5709463357925415,
    "nose_male_varGp01A": 0.0,
    "nose_male_varGp01D": 0.0,
    "nose_male_varGp01E": 0.0,
    "nose_male_varGp01G": 0.0,
    "nose_male_varGp01I": 0.0,
    "nose_male_varGp01K": 0.4290536344051361
  },
  "expression_shapes": {
    "BROW_LOWERER_L": 0.0,
    "BROW_LOWERER_R": 0.0,
    "CHEEK_PUFF_L": 0.23711144924163818,
    "CHEEK_PUFF_R": 0.23711144924163818,
    "CHEEK_RAISER_L": 0.0,
    "CHEEK_RAISER_R": 0.0,
    "CHEEK_SUCK_L": 0.0,
    "CHEEK_SUCK_R": 0.0,
    "CHIN_DEPRESSOR_B": 0.0,
    "CHIN_RAISER_B": 0.0,
    "CHIN_RAISER_T": 0.0,
    "DIMPLER_L": 0.0,
    "DIMPLER_R": 0.0,
    "EYES_CLOSED_L": 0.0,
    "EYES_CLOSED_R": 0.0,
    "EYES_LOOK_DOWN_L": 0.0,
    "EYES_LOOK_DOWN_R": 0.0,
    "EYES_LOOK_LEFT_L": 0.0,
    "EYES_LOOK_LEFT_R": 0.0,
    "EYES_LOOK_RIGHT_L": 0.0,
    "EYES_LOOK_RIGHT_R": 0.0,
    "EYES_LOOK_UP_L": 0.0,
    "EYES_LOOK_UP_R": 0.0,
    "INNER_BROW_CONTRACTOR_L": 0.0,
    "INNER_BROW_CONTRACTOR_R": 0.0,
    "INNER_BROW_RAISER_L": 0.0,
    "INNER_BROW_RAISER_R": 0.0,
    "JAW_COMPRESSOR": 0.0,
    "JAW_DROP": 0.0,
    "JAW_RETREAT": 0.0,
    "JAW_SIDEWAYS_LEFT": 0.0,
    "JAW_SIDEWAYS_RIGHT": 0.0,
    "JAW_THRUST": 0.0,
    "LID_TIGHTENER_L": 0.0,
    "LID_TIGHTENER_R": 0.0,
    "LIPS_TOWARD": 0.0,
    "LIP_CORNER_DEPRESSOR_L": 0.0,
    "LIP_CORNER_DEPRESSOR_R": 0.0,
    "LIP_CORNER_PULLER_L": 0.0,
    "LIP_CORNER_PULLER_R": 0.0,
    "LIP_FUNNELER_LB": 0.0,
    "LIP_FUNNELER_LT": 0.0,
    "LIP_FUNNELER_RB": 0.0,
    "LIP_FUNNELER_RT": 0.0,
    "LIP_PRESSOR_L": 0.0,
    "LIP_PRESSOR_R": 0.0,
    "LIP_PUCKER_L": 0.0,
    "LIP_PUCKER_R": 0.0,
    "LIP_STRETCHER_L": 0.0,
    "LIP_STRETCHER_R": 0.0,
    "LIP_SUCK_LB": 0.0,
    "LIP_SUCK_LT": 0.0,
    "LIP_SUCK_RB": 0.0,
    "LIP_SUCK_RT": 0.0,
    "LIP_TIGHTENER_L": 0.0,
    "LIP_TIGHTENER_R": 0.0,
    "LOWER_LIP_DEPRESSOR_L": 0.0,
    "LOWER_LIP_DEPRESSOR_R": 0.0,
    "MOUTH_LEFT": 0.0,
    "MOUTH_LOWERER": 0.0,
    "MOUTH_RAISER": 0.0,
    "MOUTH_RIGHT": 0.0,
    "NOSE_WRINKLER_L": 0.0,
    "NOSE_WRINKLER_R": 0.0,
    "OUTER_BROW_RAISER_L": 0.0,
    "OUTER_BROW_RAISER_R": 0.0,
    "UPPER_LID_RAISER_L": 0.0,
    "UPPER_LID_RAISER_R": 0.0,
    "UPPER_LIP_RAISER_L": 0.0,
    "UPPER_LIP_RAISER_R": 0.0
  },
  "rules_snapshot": {}
}