{
  "version": 1,
  "timestamp": "2026-03-30T17:29:15",
  "frame": 13,
  "label": "issue",
  "note": "Eye rotation is unnatractive",
  "chaos_joints": {
    "JawBind": {
      "location": [
        0.0,
        0.0,
        0.0
      ],
      "rotation_quaternion": [
        1.0,
        0.0,
        0.0,
        0.0
      ],
      "scale": [
        0.96102374792099,
        1.0494664907455444,
        1.0
      ]
    },
    "MouthBind": {
      "location": [
        0.0,
        0.0,
        0.0
      ],
      "rotation_quaternion": [
        1.0,
        0.0,
        0.0,
        0.0
      ],
      "scale": [
        1.0554853677749634,
        1.112599492073059,
        1.0
      ]
    },
    "MouthInnerBind": {
      "location": [
        0.0,
        -0.0015556145226582885,
        0.0
      ],
      "rotation_quaternion": [
        1.0,
        0.0,
        0.0,
        0.0
      ],
      "scale": [
        1.0810579061508179,
        0.976587176322937,
        1.0
      ]
    },
    "NoseBind": {
      "location": [
        0.0,
        0.0010353631805628538,
        0.0
      ],
      "rotation_quaternion": [
        0.9982466101646423,
        0.05919186398386955,
        0.0,
        0.0
      ],
      "scale": [
        0.8939473032951355,
        1.0088279247283936,
        1.0382705926895142
      ]
    },
    "LeftBrowBind": {
      "location": [
        0.0009368197643198073,
        0.0,
        0.0
      ],
      "rotation_quaternion": [
        0.9995682835578918,
        -0.02885998599231243,
        -0.0055083781480789185,
        -0.00015904036990832537
      ],
      "scale": [
        1.0922905206680298,
        0.9137938618659973,
        1.0
      ]
    },
    "RightBrowBind": {
      "location": [
        -0.0009368197643198073,
        0.0,
        0.0
      ],
      "rotation_quaternion": [
        0.9995682835578918,
        -0.02885998599231243,
        0.0055083781480789185,
        0.00015904036990832537
      ],
      "scale": [
        1.0922905206680298,
        0.9137938618659973,
        1.0
      ]
    },
    "RightEyeSocketBind": {
      "location": [
        -0.001001394703052938,
        -0.0030953367240726948,
        0.0
      ],
      "rotation_quaternion": [
        0.9979127645492554,
        0.0,
        0.0,
        0.06457646191120148
      ],
      "scale": [
        0.9983271360397339,
        0.9668316841125488,
        1.0
      ]
    },
    "LeftEyeSocketBind": {
      "location": [
        0.001001394703052938,
        -0.0030953367240726948,
        0.0
      ],
      "rotation_quaternion": [
        0.9979127645492554,
        0.0,
        0.0,
        -0.06457646191120148
      ],
      "scale": [
        0.9983271360397339,
        0.9668316841125488,
        1.0
      ]
    },
    "FaceBind": {
      "location": [
        0.0,
        -0.0026847594417631626,
        0.002020198618993163
      ],
      "rotation_quaternion": [
        1.0,
        0.0,
        0.0,
        0.0
      ],
      "scale": [
        0.9976242184638977,
        0.9809720516204834,
        0.9830076098442078
      ]
    },
    "NeckBind": {
      "location": [
        0.0,
        0.0,
        0.0
      ],
      "rotation_quaternion": [
        1.0,
        0.0,
        0.0,
        0.0
      ],
      "scale": [
        1.109513521194458,
        1.0,
        0.8867543339729309
      ]
    }
  },
  "variation_shapes": {
    "eyes_female_varGp01A": 0.0,
    "eyes_female_varGp01B": 0.0,
    "eyes_female_varGp01C": 0.0,
    "eyes_female_varGp01E": 0.0,
    "eyes_female_varGp01G": 0.0,
    "eyes_female_varGp01I": 0.79966139793396,
    "eyes_male_varGp01D": 0.0,
    "eyes_male_varGp01F": 0.20033861696720123,
    "eyes_male_varGp01H": 0.0,
    "eyes_male_varGp01J": 0.0,
    "eyes_male_varGp01K": 0.0,
    "eyes_male_varGp01L": 0.0,
    "jaw_female_varGp01A": 0.0,
    "jaw_female_varGp01B": 0.0,
    "jaw_female_varGp01D": 0.0,
    "jaw_female_varGp01F": 0.0,
    "jaw_female_varGp01H": 0.0,
    "jaw_female_varGp01K": 0.0,
    "jaw_male_varGp01A": 0.3852708041667938,
    "jaw_male_varGp01D": 0.4177566468715668,
    "jaw_male_varGp01E": 0.0,
    "jaw_male_varGp01H": 0.0,
    "jaw_male_varGp01K": 0.1969725489616394,
    "jaw_male_varGp01L": 0.0,
    "lips_female_varGp01C": 0.4616353213787079,
    "lips_female_varGp01D": 0.1764887571334839,
    "lips_female_varGp01E": 0.0,
    "lips_female_varGp01F": 0.0,
    "lips_female_varGp01I": 0.0,
    "lips_female_varGp01J": 0.0,
    "lips_male_varGp01D": 0.0,
    "lips_male_varGp01F": 0.0,
    "lips_male_varGp01G": 0.0,
    "lips_male_varGp01H": 0.3618759214878082,
    "lips_male_varGp01I": 0.0,
    "lips_male_varGp01K": 0.0,
    "nose_female_varGp01A": 0.0,
    "nose_female_varGp01C": 0.0,
    "nose_female_varGp01D": 0.0,
    "nose_female_varGp01F": 0.0,
    "nose_female_varGp01H": 0.0,
    "nose_female_varGp01K": 0.0,
    "nose_male_varGp01A": 0.0,
    "nose_male_varGp01D": 1.0,
    "nose_male_varGp01E": 0.0,
    "nose_male_varGp01G": 0.0,
    "nose_male_varGp01I": 0.0,
    "nose_male_varGp01K": 0.0
  },
  "expression_shapes": {
    "BROW_LOWERER_L": 0.0,
    "BROW_LOWERER_R": 0.0,
    "CHEEK_PUFF_L": 0.2604382634162903,
    "CHEEK_PUFF_R": 0.2604382634162903,
    "CHEEK_RAISER_L": 0.0,
    "CHEEK_RAISER_R": 0.0,
    "CHEEK_SUCK_L": 0.0,
    "CHEEK_SUCK_R": 0.0,
    "CHIN_DEPRESSOR_B": 0.0,
    "CHIN_RAISER_B": 0.0,
    "CHIN_RAISER_T": 0.0,
    "DIMPLER_L": 0.0,
    "DIMPLER_R": 0.0,
    "EYES_CLOSED_L": 0.0,
    "EYES_CLOSED_R": 0.0,
    "EYES_LOOK_DOWN_L": 0.0,
    "EYES_LOOK_DOWN_R": 0.0,
    "EYES_LOOK_LEFT_L": 0.0,
    "EYES_LOOK_LEFT_R": 0.0,
    "EYES_LOOK_RIGHT_L": 0.0,
    "EYES_LOOK_RIGHT_R": 0.0,
    "EYES_LOOK_UP_L": 0.0,
    "EYES_LOOK_UP_R": 0.0,
    "INNER_BROW_CONTRACTOR_L": 0.0,
    "INNER_BROW_CONTRACTOR_R": 0.0,
    "INNER_BROW_RAISER_L": 0.0,
    "INNER_BROW_RAISER_R": 0.0,
    "JAW_COMPRESSOR": 0.0,
    "JAW_DROP": 0.0,
    "JAW_RETREAT": 0.0,
    "JAW_SIDEWAYS_LEFT": 0.0,
    "JAW_SIDEWAYS_RIGHT": 0.0,
    "JAW_THRUST": 0.0,
    "LID_TIGHTENER_L": 0.0,
    "LID_TIGHTENER_R": 0.0,
    "LIPS_TOWARD": 0.0,
    "LIP_CORNER_DEPRESSOR_L": 0.0,
    "LIP_CORNER_DEPRESSOR_R": 0.0,
    "LIP_CORNER_PULLER_L": 0.0,
    "LIP_CORNER_PULLER_R": 0.0,
    "LIP_FUNNELER_LB": 0.0,
    "LIP_FUNNELER_LT": 0.0,
    "LIP_FUNNELER_RB": 0.0,
    "LIP_FUNNELER_RT": 0.0,
    "LIP_PRESSOR_L": 0.0,
    "LIP_PRESSOR_R": 0.0,
    "LIP_PUCKER_L": 0.0,
    "LIP_PUCKER_R": 0.0,
    "LIP_STRETCHER_L": 0.0,
    "LIP_STRETCHER_R": 0.0,
    "LIP_SUCK_LB": 0.0,
    "LIP_SUCK_LT": 0.0,
    "LIP_SUCK_RB": 0.0,
    "LIP_SUCK_RT": 0.0,
    "LIP_TIGHTENER_L": 0.0,
    "LIP_TIGHTENER_R": 0.0,
    "LOWER_LIP_DEPRESSOR_L": 0.0,
    "LOWER_LIP_DEPRESSOR_R": 0.0,
    "MOUTH_LEFT": 0.0,
    "MOUTH_LOWERER": 0.0,
    "MOUTH_RAISER": 0.0,
    "MOUTH_RIGHT": 0.0,
    "NOSE_WRINKLER_L": 0.0,
    "NOSE_WRINKLER_R": 0.0,
    "OUTER_BROW_RAISER_L": 0.0,
    "OUTER_BROW_RAISER_R": 0.0,
    "UPPER_LID_RAISER_L": 0.0,
    "UPPER_LID_RAISER_R": 0.0,
    "UPPER_LIP_RAISER_L": 0.0,
    "UPPER_LIP_RAISER_R": 0.0
  },
  "rules_snapshot": {}
}