{
  "version": 1,
  "timestamp": "2026-03-30T17:58:20",
  "frame": 69,
  "label": "issue",
  "note": "This head is really close, the circular eyes fit with the feminin feel, but the thin nose and wuper wide tall lips feel like lip filler and plastic surgury, does not work",
  "chaos_joints": {
    "JawBind": {
      "location": [
        0.0,
        0.0,
        0.0
      ],
      "rotation_quaternion": [
        1.0,
        0.0,
        0.0,
        0.0
      ],
      "scale": [
        1.000514030456543,
        0.9522481560707092,
        1.0
      ]
    },
    "MouthBind": {
      "location": [
        0.0,
        0.0,
        0.0
      ],
      "rotation_quaternion": [
        1.0,
        0.0,
        0.0,
        0.0
      ],
      "scale": [
        1.186227560043335,
        1.1064977645874023,
        1.0
      ]
    },
    "MouthInnerBind": {
      "location": [
        0.0,
        -0.002462616888806224,
        0.0
      ],
      "rotation_quaternion": [
        1.0,
        0.0,
        0.0,
        0.0
      ],
      "scale": [
        1.0871840715408325,
        1.0096406936645508,
        1.0
      ]
    },
    "NoseBind": {
      "location": [
        0.0,
        0.0013420453760772943,
        0.0
      ],
      "rotation_quaternion": [
        0.9977281093597412,
        0.06736943125724792,
        0.0,
        0.0
      ],
      "scale": [
        0.7967954277992249,
        0.9034597277641296,
        1.128991723060608
      ]
    },
    "LeftBrowBind": {
      "location": [
        -0.0003592433058656752,
        0.0,
        0.0
      ],
      "rotation_quaternion": [
        0.9991238713264465,
        0.03397278115153313,
        0.024425674229860306,
        -0.0008305356604978442
      ],
      "scale": [
        0.971813976764679,
        1.1866706609725952,
        1.0
      ]
    },
    "RightBrowBind": {
      "location": [
        0.0003592433058656752,
        0.0,
        0.0
      ],
      "rotation_quaternion": [
        0.9991238713264465,
        0.03397278115153313,
        -0.024425674229860306,
        0.0008305356604978442
      ],
      "scale": [
        0.971813976764679,
        1.1866706609725952,
        1.0
      ]
    },
    "RightEyeSocketBind": {
      "location": [
        -0.0022837023716419935,
        -0.000593066681176424,
        0.0
      ],
      "rotation_quaternion": [
        0.9991742372512817,
        0.0,
        0.0,
        0.04062997177243233
      ],
      "scale": [
        0.9040991067886353,
        1.0687003135681152,
        1.0
      ]
    },
    "LeftEyeSocketBind": {
      "location": [
        0.0022837023716419935,
        -0.000593066681176424,
        0.0
      ],
      "rotation_quaternion": [
        0.9991742372512817,
        0.0,
        0.0,
        -0.04062997177243233
      ],
      "scale": [
        0.9040991067886353,
        1.0687003135681152,
        1.0
      ]
    },
    "FaceBind": {
      "location": [
        0.0,
        -0.002224341966211796,
        -0.00013459016918204725
      ],
      "rotation_quaternion": [
        1.0,
        0.0,
        0.0,
        0.0
      ],
      "scale": [
        1.0029375553131104,
        1.0017462968826294,
        1.0111521482467651
      ]
    },
    "NeckBind": {
      "location": [
        0.0,
        0.0,
        0.0
      ],
      "rotation_quaternion": [
        1.0,
        0.0,
        0.0,
        0.0
      ],
      "scale": [
        0.9829028844833374,
        1.0,
        0.9166736006736755
      ]
    }
  },
  "variation_shapes": {
    "eyes_female_varGp01A": 1.0,
    "eyes_female_varGp01B": 0.0,
    "eyes_female_varGp01C": 0.0,
    "eyes_female_varGp01E": 0.0,
    "eyes_female_varGp01G": 0.0,
    "eyes_female_varGp01I": 0.0,
    "eyes_male_varGp01D": 0.0,
    "eyes_male_varGp01F": 0.0,
    "eyes_male_varGp01H": 0.0,
    "eyes_male_varGp01J": 0.0,
    "eyes_male_varGp01K": 0.0,
    "eyes_male_varGp01L": 0.0,
    "jaw_female_varGp01A": 0.2453911453485489,
    "jaw_female_varGp01B": 0.0,
    "jaw_female_varGp01D": 0.0,
    "jaw_female_varGp01F": 0.0,
    "jaw_female_varGp01H": 0.7546088695526123,
    "jaw_female_varGp01K": 0.0,
    "jaw_male_varGp01A": 0.0,
    "jaw_male_varGp01D": 0.0,
    "jaw_male_varGp01E": 0.0,
    "jaw_male_varGp01H": 0.0,
    "jaw_male_varGp01K": 0.0,
    "jaw_male_varGp01L": 0.0,
    "lips_female_varGp01C": 0.0,
    "lips_female_varGp01D": 0.36146605014801025,
    "lips_female_varGp01E": 0.0,
    "lips_female_varGp01F": 0.0,
    "lips_female_varGp01I": 0.15460975468158722,
    "lips_female_varGp01J": 0.0,
    "lips_male_varGp01D": 0.0,
    "lips_male_varGp01F": 0.48392418026924133,
    "lips_male_varGp01G": 0.0,
    "lips_male_varGp01H": 0.0,
    "lips_male_varGp01I": 0.0,
    "lips_male_varGp01K": 0.0,
    "nose_female_varGp01A": 0.5287855863571167,
    "nose_female_varGp01C": 0.0,
    "nose_female_varGp01D": 0.4292431175708771,
    "nose_female_varGp01F": 0.0,
    "nose_female_varGp01H": 0.04197130352258682,
    "nose_female_varGp01K": 0.0,
    "nose_male_varGp01A": 0.0,
    "nose_male_varGp01D": 0.0,
    "nose_male_varGp01E": 0.0,
    "nose_male_varGp01G": 0.0,
    "nose_male_varGp01I": 0.0,
    "nose_male_varGp01K": 0.0
  },
  "expression_shapes": {
    "BROW_LOWERER_L": 0.0,
    "BROW_LOWERER_R": 0.0,
    "CHEEK_PUFF_L": 0.20097605884075165,
    "CHEEK_PUFF_R": 0.20097605884075165,
    "CHEEK_RAISER_L": 0.0,
    "CHEEK_RAISER_R": 0.0,
    "CHEEK_SUCK_L": 0.0,
    "CHEEK_SUCK_R": 0.0,
    "CHIN_DEPRESSOR_B": 0.0,
    "CHIN_RAISER_B": 0.0,
    "CHIN_RAISER_T": 0.0,
    "DIMPLER_L": 0.0,
    "DIMPLER_R": 0.0,
    "EYES_CLOSED_L": 0.0,
    "EYES_CLOSED_R": 0.0,
    "EYES_LOOK_DOWN_L": 0.0,
    "EYES_LOOK_DOWN_R": 0.0,
    "EYES_LOOK_LEFT_L": 0.0,
    "EYES_LOOK_LEFT_R": 0.0,
    "EYES_LOOK_RIGHT_L": 0.0,
    "EYES_LOOK_RIGHT_R": 0.0,
    "EYES_LOOK_UP_L": 0.0,
    "EYES_LOOK_UP_R": 0.0,
    "INNER_BROW_CONTRACTOR_L": 0.0,
    "INNER_BROW_CONTRACTOR_R": 0.0,
    "INNER_BROW_RAISER_L": 0.0,
    "INNER_BROW_RAISER_R": 0.0,
    "JAW_COMPRESSOR": 0.0,
    "JAW_DROP": 0.0,
    "JAW_RETREAT": 0.0,
    "JAW_SIDEWAYS_LEFT": 0.0,
    "JAW_SIDEWAYS_RIGHT": 0.0,
    "JAW_THRUST": 0.0,
    "LID_TIGHTENER_L": 0.0,
    "LID_TIGHTENER_R": 0.0,
    "LIPS_TOWARD": 0.0,
    "LIP_CORNER_DEPRESSOR_L": 0.0,
    "LIP_CORNER_DEPRESSOR_R": 0.0,
    "LIP_CORNER_PULLER_L": 0.0,
    "LIP_CORNER_PULLER_R": 0.0,
    "LIP_FUNNELER_LB": 0.0,
    "LIP_FUNNELER_LT": 0.0,
    "LIP_FUNNELER_RB": 0.0,
    "LIP_FUNNELER_RT": 0.0,
    "LIP_PRESSOR_L": 0.0,
    "LIP_PRESSOR_R": 0.0,
    "LIP_PUCKER_L": 0.0,
    "LIP_PUCKER_R": 0.0,
    "LIP_STRETCHER_L": 0.0,
    "LIP_STRETCHER_R": 0.0,
    "LIP_SUCK_LB": 0.0,
    "LIP_SUCK_LT": 0.0,
    "LIP_SUCK_RB": 0.0,
    "LIP_SUCK_RT": 0.0,
    "LIP_TIGHTENER_L": 0.0,
    "LIP_TIGHTENER_R": 0.0,
    "LOWER_LIP_DEPRESSOR_L": 0.0,
    "LOWER_LIP_DEPRESSOR_R": 0.0,
    "MOUTH_LEFT": 0.0,
    "MOUTH_LOWERER": 0.0,
    "MOUTH_RAISER": 0.0,
    "MOUTH_RIGHT": 0.0,
    "NOSE_WRINKLER_L": 0.0,
    "NOSE_WRINKLER_R": 0.0,
    "OUTER_BROW_RAISER_L": 0.0,
    "OUTER_BROW_RAISER_R": 0.0,
    "UPPER_LID_RAISER_L": 0.0,
    "UPPER_LID_RAISER_R": 0.0,
    "UPPER_LIP_RAISER_L": 0.0,
    "UPPER_LIP_RAISER_R": 0.0
  },
  "rules_snapshot": {}
}