{
  "version": 1,
  "timestamp": "2026-03-30T17:36:20",
  "frame": 25,
  "label": "issue",
  "note": "Nos is to big likely on multiple axis compared to other features, largely the mouth",
  "chaos_joints": {
    "JawBind": {
      "location": [
        0.0,
        0.0,
        0.0
      ],
      "rotation_quaternion": [
        1.0,
        0.0,
        0.0,
        0.0
      ],
      "scale": [
        1.0687854290008545,
        1.0092910528182983,
        1.0
      ]
    },
    "MouthBind": {
      "location": [
        0.0,
        0.0,
        0.0
      ],
      "rotation_quaternion": [
        1.0,
        0.0,
        0.0,
        0.0
      ],
      "scale": [
        0.8828296065330505,
        0.9495499134063721,
        1.0
      ]
    },
    "MouthInnerBind": {
      "location": [
        0.0,
        0.0008511426858603954,
        0.0
      ],
      "rotation_quaternion": [
        1.0,
        0.0,
        0.0,
        0.0
      ],
      "scale": [
        1.0229291915893555,
        0.9455909729003906,
        1.0
      ]
    },
    "NoseBind": {
      "location": [
        0.0,
        0.002703404985368252,
        0.0
      ],
      "rotation_quaternion": [
        0.9999963045120239,
        -0.0027201990596950054,
        0.0,
        0.0
      ],
      "scale": [
        1.1254258155822754,
        1.2003854513168335,
        1.2446037530899048
      ]
    },
    "LeftBrowBind": {
      "location": [
        0.0008124674786813557,
        0.0,
        0.0
      ],
      "rotation_quaternion": [
        0.9997877478599548,
        -0.017456278204917908,
        0.010941595770418644,
        0.00019104007515124977
      ],
      "scale": [
        0.9898242354393005,
        0.8583129048347473,
        1.0
      ]
    },
    "RightBrowBind": {
      "location": [
        -0.0008124674786813557,
        0.0,
        0.0
      ],
      "rotation_quaternion": [
        0.9997877478599548,
        -0.017456278204917908,
        -0.010941595770418644,
        -0.00019104007515124977
      ],
      "scale": [
        0.9898242354393005,
        0.8583129048347473,
        1.0
      ]
    },
    "RightEyeSocketBind": {
      "location": [
        -0.003979498520493507,
        0.0035287891514599323,
        0.0
      ],
      "rotation_quaternion": [
        0.9994226098060608,
        0.0,
        0.0,
        -0.03397667407989502
      ],
      "scale": [
        1.0193395614624023,
        1.002686858177185,
        1.0
      ]
    },
    "LeftEyeSocketBind": {
      "location": [
        0.003979498520493507,
        0.0035287891514599323,
        0.0
      ],
      "rotation_quaternion": [
        0.9994226098060608,
        0.0,
        0.0,
        0.03397667407989502
      ],
      "scale": [
        1.0193395614624023,
        1.002686858177185,
        1.0
      ]
    },
    "FaceBind": {
      "location": [
        0.0,
        0.0006179368938319385,
        -0.0012534268898889422
      ],
      "rotation_quaternion": [
        1.0,
        0.0,
        0.0,
        0.0
      ],
      "scale": [
        0.9966775178909302,
        1.001483678817749,
        0.9911643862724304
      ]
    },
    "NeckBind": {
      "location": [
        0.0,
        0.0,
        0.0
      ],
      "rotation_quaternion": [
        1.0,
        0.0,
        0.0,
        0.0
      ],
      "scale": [
        0.9486635327339172,
        1.0,
        0.9059566855430603
      ]
    }
  },
  "variation_shapes": {
    "eyes_female_varGp01A": 0.0,
    "eyes_female_varGp01B": 0.0,
    "eyes_female_varGp01C": 0.31016451120376587,
    "eyes_female_varGp01E": 0.0,
    "eyes_female_varGp01G": 0.6898354887962341,
    "eyes_female_varGp01I": 0.0,
    "eyes_male_varGp01D": 0.0,
    "eyes_male_varGp01F": 0.0,
    "eyes_male_varGp01H": 0.0,
    "eyes_male_varGp01J": 0.0,
    "eyes_male_varGp01K": 0.0,
    "eyes_male_varGp01L": 0.0,
    "jaw_female_varGp01A": 0.0,
    "jaw_female_varGp01B": 0.9269363284111023,
    "jaw_female_varGp01D": 0.0,
    "jaw_female_varGp01F": 0.07306364178657532,
    "jaw_female_varGp01H": 0.0,
    "jaw_female_varGp01K": 0.0,
    "jaw_male_varGp01A": 0.0,
    "jaw_male_varGp01D": 0.0,
    "jaw_male_varGp01E": 0.0,
    "jaw_male_varGp01H": 0.0,
    "jaw_male_varGp01K": 0.0,
    "jaw_male_varGp01L": 0.0,
    "lips_female_varGp01C": 0.0,
    "lips_female_varGp01D": 0.0,
    "lips_female_varGp01E": 0.0,
    "lips_female_varGp01F": 0.17458626627922058,
    "lips_female_varGp01I": 0.0,
    "lips_female_varGp01J": 0.0,
    "lips_male_varGp01D": 0.0,
    "lips_male_varGp01F": 0.35125932097435,
    "lips_male_varGp01G": 0.47415441274642944,
    "lips_male_varGp01H": 0.0,
    "lips_male_varGp01I": 0.0,
    "lips_male_varGp01K": 0.0,
    "nose_female_varGp01A": 0.0,
    "nose_female_varGp01C": 0.0,
    "nose_female_varGp01D": 0.0,
    "nose_female_varGp01F": 0.0,
    "nose_female_varGp01H": 0.0,
    "nose_female_varGp01K": 0.0,
    "nose_male_varGp01A": 0.0,
    "nose_male_varGp01D": 0.0,
    "nose_male_varGp01E": 0.638884425163269,
    "nose_male_varGp01G": 0.0,
    "nose_male_varGp01I": 0.08539532124996185,
    "nose_male_varGp01K": 0.2757202684879303
  },
  "expression_shapes": {
    "BROW_LOWERER_L": 0.0,
    "BROW_LOWERER_R": 0.0,
    "CHEEK_PUFF_L": 0.030703267082571983,
    "CHEEK_PUFF_R": 0.030703267082571983,
    "CHEEK_RAISER_L": 0.0,
    "CHEEK_RAISER_R": 0.0,
    "CHEEK_SUCK_L": 0.0,
    "CHEEK_SUCK_R": 0.0,
    "CHIN_DEPRESSOR_B": 0.0,
    "CHIN_RAISER_B": 0.0,
    "CHIN_RAISER_T": 0.0,
    "DIMPLER_L": 0.0,
    "DIMPLER_R": 0.0,
    "EYES_CLOSED_L": 0.0,
    "EYES_CLOSED_R": 0.0,
    "EYES_LOOK_DOWN_L": 0.0,
    "EYES_LOOK_DOWN_R": 0.0,
    "EYES_LOOK_LEFT_L": 0.0,
    "EYES_LOOK_LEFT_R": 0.0,
    "EYES_LOOK_RIGHT_L": 0.0,
    "EYES_LOOK_RIGHT_R": 0.0,
    "EYES_LOOK_UP_L": 0.0,
    "EYES_LOOK_UP_R": 0.0,
    "INNER_BROW_CONTRACTOR_L": 0.0,
    "INNER_BROW_CONTRACTOR_R": 0.0,
    "INNER_BROW_RAISER_L": 0.0,
    "INNER_BROW_RAISER_R": 0.0,
    "JAW_COMPRESSOR": 0.0,
    "JAW_DROP": 0.0,
    "JAW_RETREAT": 0.0,
    "JAW_SIDEWAYS_LEFT": 0.0,
    "JAW_SIDEWAYS_RIGHT": 0.0,
    "JAW_THRUST": 0.0,
    "LID_TIGHTENER_L": 0.0,
    "LID_TIGHTENER_R": 0.0,
    "LIPS_TOWARD": 0.0,
    "LIP_CORNER_DEPRESSOR_L": 0.0,
    "LIP_CORNER_DEPRESSOR_R": 0.0,
    "LIP_CORNER_PULLER_L": 0.0,
    "LIP_CORNER_PULLER_R": 0.0,
    "LIP_FUNNELER_LB": 0.0,
    "LIP_FUNNELER_LT": 0.0,
    "LIP_FUNNELER_RB": 0.0,
    "LIP_FUNNELER_RT": 0.0,
    "LIP_PRESSOR_L": 0.0,
    "LIP_PRESSOR_R": 0.0,
    "LIP_PUCKER_L": 0.0,
    "LIP_PUCKER_R": 0.0,
    "LIP_STRETCHER_L": 0.0,
    "LIP_STRETCHER_R": 0.0,
    "LIP_SUCK_LB": 0.0,
    "LIP_SUCK_LT": 0.0,
    "LIP_SUCK_RB": 0.0,
    "LIP_SUCK_RT": 0.0,
    "LIP_TIGHTENER_L": 0.0,
    "LIP_TIGHTENER_R": 0.0,
    "LOWER_LIP_DEPRESSOR_L": 0.0,
    "LOWER_LIP_DEPRESSOR_R": 0.0,
    "MOUTH_LEFT": 0.0,
    "MOUTH_LOWERER": 0.0,
    "MOUTH_RAISER": 0.0,
    "MOUTH_RIGHT": 0.0,
    "NOSE_WRINKLER_L": 0.0,
    "NOSE_WRINKLER_R": 0.0,
    "OUTER_BROW_RAISER_L": 0.0,
    "OUTER_BROW_RAISER_R": 0.0,
    "UPPER_LID_RAISER_L": 0.0,
    "UPPER_LID_RAISER_R": 0.0,
    "UPPER_LIP_RAISER_L": 0.0,
    "UPPER_LIP_RAISER_R": 0.0
  },
  "rules_snapshot": {}
}