{
  "version": 1,
  "timestamp": "2026-03-30T17:28:57",
  "frame": 12,
  "label": "issue",
  "note": "Head looks very attractive but nose protrudes to far forward",
  "chaos_joints": {
    "JawBind": {
      "location": [
        0.0,
        0.0,
        0.0
      ],
      "rotation_quaternion": [
        1.0,
        0.0,
        0.0,
        0.0
      ],
      "scale": [
        1.0570144653320312,
        1.0343878269195557,
        1.0
      ]
    },
    "MouthBind": {
      "location": [
        0.0,
        0.0,
        0.0
      ],
      "rotation_quaternion": [
        1.0,
        0.0,
        0.0,
        0.0
      ],
      "scale": [
        1.061571478843689,
        1.3397871255874634,
        1.0
      ]
    },
    "MouthInnerBind": {
      "location": [
        0.0,
        -0.000665387196931988,
        0.0
      ],
      "rotation_quaternion": [
        1.0,
        0.0,
        0.0,
        0.0
      ],
      "scale": [
        0.9126042723655701,
        0.931794285774231,
        1.0
      ]
    },
    "NoseBind": {
      "location": [
        0.0,
        -0.004380296915769577,
        0.0
      ],
      "rotation_quaternion": [
        0.9963423609733582,
        -0.08545123785734177,
        0.0,
        0.0
      ],
      "scale": [
        0.8531108498573303,
        0.7922835946083069,
        1.2374107837677002
      ]
    },
    "LeftBrowBind": {
      "location": [
        -0.0008134457748383284,
        0.0,
        0.0
      ],
      "rotation_quaternion": [
        0.9993135333061218,
        -0.03467532619833946,
        0.013033670373260975,
        0.000452257227152586
      ],
      "scale": [
        0.9543037414550781,
        1.1246179342269897,
        1.0
      ]
    },
    "RightBrowBind": {
      "location": [
        0.0008134457748383284,
        0.0,
        0.0
      ],
      "rotation_quaternion": [
        0.9993135333061218,
        -0.03467532619833946,
        -0.013033670373260975,
        -0.000452257227152586
      ],
      "scale": [
        0.9543037414550781,
        1.1246179342269897,
        1.0
      ]
    },
    "RightEyeSocketBind": {
      "location": [
        0.0018611736595630646,
        0.0008453290211036801,
        0.0
      ],
      "rotation_quaternion": [
        0.9992415308952332,
        0.0,
        0.0,
        -0.038940899074077606
      ],
      "scale": [
        0.9296976923942566,
        0.9731888175010681,
        1.0
      ]
    },
    "LeftEyeSocketBind": {
      "location": [
        -0.0018611736595630646,
        0.0008453290211036801,
        0.0
      ],
      "rotation_quaternion": [
        0.9992415308952332,
        0.0,
        0.0,
        0.038940899074077606
      ],
      "scale": [
        0.9296976923942566,
        0.9731888175010681,
        1.0
      ]
    },
    "FaceBind": {
      "location": [
        0.0,
        -0.003345013363286853,
        0.002407551510259509
      ],
      "rotation_quaternion": [
        1.0,
        0.0,
        0.0,
        0.0
      ],
      "scale": [
        1.011758804321289,
        1.011714220046997,
        1.011040210723877
      ]
    },
    "NeckBind": {
      "location": [
        0.0,
        0.0,
        0.0
      ],
      "rotation_quaternion": [
        1.0,
        0.0,
        0.0,
        0.0
      ],
      "scale": [
        0.9026080369949341,
        1.0,
        1.0303162336349487
      ]
    }
  },
  "variation_shapes": {
    "eyes_female_varGp01A": 0.0,
    "eyes_female_varGp01B": 0.0,
    "eyes_female_varGp01C": 0.0,
    "eyes_female_varGp01E": 0.0,
    "eyes_female_varGp01G": 0.380546897649765,
    "eyes_female_varGp01I": 0.3021693825721741,
    "eyes_male_varGp01D": 0.0,
    "eyes_male_varGp01F": 0.3172836899757385,
    "eyes_male_varGp01H": 0.0,
    "eyes_male_varGp01J": 0.0,
    "eyes_male_varGp01K": 0.0,
    "eyes_male_varGp01L": 0.0,
    "jaw_female_varGp01A": 0.0,
    "jaw_female_varGp01B": 0.0,
    "jaw_female_varGp01D": 0.0,
    "jaw_female_varGp01F": 0.2561347186565399,
    "jaw_female_varGp01H": 0.30207717418670654,
    "jaw_female_varGp01K": 0.0,
    "jaw_male_varGp01A": 0.0,
    "jaw_male_varGp01D": 0.2964307963848114,
    "jaw_male_varGp01E": 0.0,
    "jaw_male_varGp01H": 0.14535731077194214,
    "jaw_male_varGp01K": 0.0,
    "jaw_male_varGp01L": 0.0,
    "lips_female_varGp01C": 0.0,
    "lips_female_varGp01D": 0.0,
    "lips_female_varGp01E": 0.0,
    "lips_female_varGp01F": 0.0,
    "lips_female_varGp01I": 0.0,
    "lips_female_varGp01J": 0.9198304414749146,
    "lips_male_varGp01D": 0.0,
    "lips_male_varGp01F": 0.0,
    "lips_male_varGp01G": 0.0,
    "lips_male_varGp01H": 0.0,
    "lips_male_varGp01I": 0.0,
    "lips_male_varGp01K": 0.08016956597566605,
    "nose_female_varGp01A": 0.0,
    "nose_female_varGp01C": 0.0,
    "nose_female_varGp01D": 0.0,
    "nose_female_varGp01F": 0.0,
    "nose_female_varGp01H": 0.0,
    "nose_female_varGp01K": 0.0,
    "nose_male_varGp01A": 0.0,
    "nose_male_varGp01D": 1.0,
    "nose_male_varGp01E": 0.0,
    "nose_male_varGp01G": 0.0,
    "nose_male_varGp01I": 0.0,
    "nose_male_varGp01K": 0.0
  },
  "expression_shapes": {
    "BROW_LOWERER_L": 0.0,
    "BROW_LOWERER_R": 0.0,
    "CHEEK_PUFF_L": 0.14756973087787628,
    "CHEEK_PUFF_R": 0.14756973087787628,
    "CHEEK_RAISER_L": 0.0,
    "CHEEK_RAISER_R": 0.0,
    "CHEEK_SUCK_L": 0.0,
    "CHEEK_SUCK_R": 0.0,
    "CHIN_DEPRESSOR_B": 0.0,
    "CHIN_RAISER_B": 0.0,
    "CHIN_RAISER_T": 0.0,
    "DIMPLER_L": 0.0,
    "DIMPLER_R": 0.0,
    "EYES_CLOSED_L": 0.0,
    "EYES_CLOSED_R": 0.0,
    "EYES_LOOK_DOWN_L": 0.0,
    "EYES_LOOK_DOWN_R": 0.0,
    "EYES_LOOK_LEFT_L": 0.0,
    "EYES_LOOK_LEFT_R": 0.0,
    "EYES_LOOK_RIGHT_L": 0.0,
    "EYES_LOOK_RIGHT_R": 0.0,
    "EYES_LOOK_UP_L": 0.0,
    "EYES_LOOK_UP_R": 0.0,
    "INNER_BROW_CONTRACTOR_L": 0.0,
    "INNER_BROW_CONTRACTOR_R": 0.0,
    "INNER_BROW_RAISER_L": 0.0,
    "INNER_BROW_RAISER_R": 0.0,
    "JAW_COMPRESSOR": 0.0,
    "JAW_DROP": 0.0,
    "JAW_RETREAT": 0.0,
    "JAW_SIDEWAYS_LEFT": 0.0,
    "JAW_SIDEWAYS_RIGHT": 0.0,
    "JAW_THRUST": 0.0,
    "LID_TIGHTENER_L": 0.0,
    "LID_TIGHTENER_R": 0.0,
    "LIPS_TOWARD": 0.0,
    "LIP_CORNER_DEPRESSOR_L": 0.0,
    "LIP_CORNER_DEPRESSOR_R": 0.0,
    "LIP_CORNER_PULLER_L": 0.0,
    "LIP_CORNER_PULLER_R": 0.0,
    "LIP_FUNNELER_LB": 0.0,
    "LIP_FUNNELER_LT": 0.0,
    "LIP_FUNNELER_RB": 0.0,
    "LIP_FUNNELER_RT": 0.0,
    "LIP_PRESSOR_L": 0.0,
    "LIP_PRESSOR_R": 0.0,
    "LIP_PUCKER_L": 0.0,
    "LIP_PUCKER_R": 0.0,
    "LIP_STRETCHER_L": 0.0,
    "LIP_STRETCHER_R": 0.0,
    "LIP_SUCK_LB": 0.0,
    "LIP_SUCK_LT": 0.0,
    "LIP_SUCK_RB": 0.0,
    "LIP_SUCK_RT": 0.0,
    "LIP_TIGHTENER_L": 0.0,
    "LIP_TIGHTENER_R": 0.0,
    "LOWER_LIP_DEPRESSOR_L": 0.0,
    "LOWER_LIP_DEPRESSOR_R": 0.0,
    "MOUTH_LEFT": 0.0,
    "MOUTH_LOWERER": 0.0,
    "MOUTH_RAISER": 0.0,
    "MOUTH_RIGHT": 0.0,
    "NOSE_WRINKLER_L": 0.0,
    "NOSE_WRINKLER_R": 0.0,
    "OUTER_BROW_RAISER_L": 0.0,
    "OUTER_BROW_RAISER_R": 0.0,
    "UPPER_LID_RAISER_L": 0.0,
    "UPPER_LID_RAISER_R": 0.0,
    "UPPER_LIP_RAISER_L": 0.0,
    "UPPER_LIP_RAISER_R": 0.0
  },
  "rules_snapshot": {}
}