{
  "version": 1,
  "timestamp": "2026-03-30T17:26:52",
  "frame": 9,
  "label": "issue",
  "note": "eyes are a little big, rotation of eyes feel off, lips feel very thin compared to remaining features",
  "chaos_joints": {
    "JawBind": {
      "location": [
        0.0,
        0.0,
        0.0
      ],
      "rotation_quaternion": [
        1.0,
        0.0,
        0.0,
        0.0
      ],
      "scale": [
        1.0125634670257568,
        0.9587429761886597,
        1.0
      ]
    },
    "MouthBind": {
      "location": [
        0.0,
        0.0,
        0.0
      ],
      "rotation_quaternion": [
        1.0,
        0.0,
        0.0,
        0.0
      ],
      "scale": [
        1.151610255241394,
        0.7243499755859375,
        1.0
      ]
    },
    "MouthInnerBind": {
      "location": [
        0.0,
        -5.1508537580957636e-05,
        0.0
      ],
      "rotation_quaternion": [
        1.0,
        0.0,
        0.0,
        0.0
      ],
      "scale": [
        1.0047557353973389,
        0.9760728478431702,
        1.0
      ]
    },
    "NoseBind": {
      "location": [
        0.0,
        0.00278261536732316,
        0.0
      ],
      "rotation_quaternion": [
        0.996565580368042,
        0.08280728757381439,
        0.0,
        0.0
      ],
      "scale": [
        1.0187370777130127,
        0.9834443926811218,
        1.090452790260315
      ]
    },
    "LeftBrowBind": {
      "location": [
        0.0003185640671290457,
        0.0,
        0.0
      ],
      "rotation_quaternion": [
        0.9999067187309265,
        0.012560502626001835,
        0.005364967510104179,
        -6.739297532476485e-05
      ],
      "scale": [
        1.0923051834106445,
        0.8682226538658142,
        1.0
      ]
    },
    "RightBrowBind": {
      "location": [
        -0.0003185640671290457,
        0.0,
        0.0
      ],
      "rotation_quaternion": [
        0.9999067187309265,
        0.012560502626001835,
        -0.005364967510104179,
        6.739297532476485e-05
      ],
      "scale": [
        1.0923051834106445,
        0.8682226538658142,
        1.0
      ]
    },
    "RightEyeSocketBind": {
      "location": [
        -0.00045067185419611633,
        0.0017456942005082965,
        0.0
      ],
      "rotation_quaternion": [
        0.9972374439239502,
        0.0,
        0.0,
        0.07427937537431717
      ],
      "scale": [
        1.0172185897827148,
        1.0684912204742432,
        1.0
      ]
    },
    "LeftEyeSocketBind": {
      "location": [
        0.00045067185419611633,
        0.0017456942005082965,
        0.0
      ],
      "rotation_quaternion": [
        0.9972374439239502,
        0.0,
        0.0,
        -0.07427937537431717
      ],
      "scale": [
        1.0172185897827148,
        1.0684912204742432,
        1.0
      ]
    },
    "FaceBind": {
      "location": [
        0.0,
        -0.0012334933271631598,
        0.004587839357554913
      ],
      "rotation_quaternion": [
        1.0,
        0.0,
        0.0,
        0.0
      ],
      "scale": [
        0.9913265705108643,
        1.0145951509475708,
        1.0054302215576172
      ]
    },
    "NeckBind": {
      "location": [
        0.0,
        0.0,
        0.0
      ],
      "rotation_quaternion": [
        1.0,
        0.0,
        0.0,
        0.0
      ],
      "scale": [
        0.8261523246765137,
        1.0,
        1.1165658235549927
      ]
    }
  },
  "variation_shapes": {
    "eyes_female_varGp01A": 1.0,
    "eyes_female_varGp01B": 0.0,
    "eyes_female_varGp01C": 0.0,
    "eyes_female_varGp01E": 0.0,
    "eyes_female_varGp01G": 0.0,
    "eyes_female_varGp01I": 0.0,
    "eyes_male_varGp01D": 0.0,
    "eyes_male_varGp01F": 0.0,
    "eyes_male_varGp01H": 0.0,
    "eyes_male_varGp01J": 0.0,
    "eyes_male_varGp01K": 0.0,
    "eyes_male_varGp01L": 0.0,
    "jaw_female_varGp01A": 0.0,
    "jaw_female_varGp01B": 0.0,
    "jaw_female_varGp01D": 0.0,
    "jaw_female_varGp01F": 0.0,
    "jaw_female_varGp01H": 0.0,
    "jaw_female_varGp01K": 1.0,
    "jaw_male_varGp01A": 0.0,
    "jaw_male_varGp01D": 0.0,
    "jaw_male_varGp01E": 0.0,
    "jaw_male_varGp01H": 0.0,
    "jaw_male_varGp01K": 0.0,
    "jaw_male_varGp01L": 0.0,
    "lips_female_varGp01C": 0.0,
    "lips_female_varGp01D": 0.0,
    "lips_female_varGp01E": 0.0,
    "lips_female_varGp01F": 0.0,
    "lips_female_varGp01I": 0.40765365958213806,
    "lips_female_varGp01J": 0.2989674508571625,
    "lips_male_varGp01D": 0.28924235701560974,
    "lips_male_varGp01F": 0.0,
    "lips_male_varGp01G": 0.0,
    "lips_male_varGp01H": 0.0,
    "lips_male_varGp01I": 0.004136509727686644,
    "lips_male_varGp01K": 0.0,
    "nose_female_varGp01A": 0.6315473914146423,
    "nose_female_varGp01C": 0.0,
    "nose_female_varGp01D": 0.0,
    "nose_female_varGp01F": 0.0,
    "nose_female_varGp01H": 0.0,
    "nose_female_varGp01K": 0.0,
    "nose_male_varGp01A": 0.10742098838090897,
    "nose_male_varGp01D": 0.0,
    "nose_male_varGp01E": 0.0,
    "nose_male_varGp01G": 0.06198376789689064,
    "nose_male_varGp01I": 0.0,
    "nose_male_varGp01K": 0.19904786348342896
  },
  "expression_shapes": {
    "BROW_LOWERER_L": 0.0,
    "BROW_LOWERER_R": 0.0,
    "CHEEK_PUFF_L": 0.23812457919120789,
    "CHEEK_PUFF_R": 0.23812457919120789,
    "CHEEK_RAISER_L": 0.0,
    "CHEEK_RAISER_R": 0.0,
    "CHEEK_SUCK_L": 0.0,
    "CHEEK_SUCK_R": 0.0,
    "CHIN_DEPRESSOR_B": 0.0,
    "CHIN_RAISER_B": 0.0,
    "CHIN_RAISER_T": 0.0,
    "DIMPLER_L": 0.0,
    "DIMPLER_R": 0.0,
    "EYES_CLOSED_L": 0.0,
    "EYES_CLOSED_R": 0.0,
    "EYES_LOOK_DOWN_L": 0.0,
    "EYES_LOOK_DOWN_R": 0.0,
    "EYES_LOOK_LEFT_L": 0.0,
    "EYES_LOOK_LEFT_R": 0.0,
    "EYES_LOOK_RIGHT_L": 0.0,
    "EYES_LOOK_RIGHT_R": 0.0,
    "EYES_LOOK_UP_L": 0.0,
    "EYES_LOOK_UP_R": 0.0,
    "INNER_BROW_CONTRACTOR_L": 0.0,
    "INNER_BROW_CONTRACTOR_R": 0.0,
    "INNER_BROW_RAISER_L": 0.0,
    "INNER_BROW_RAISER_R": 0.0,
    "JAW_COMPRESSOR": 0.0,
    "JAW_DROP": 0.0,
    "JAW_RETREAT": 0.0,
    "JAW_SIDEWAYS_LEFT": 0.0,
    "JAW_SIDEWAYS_RIGHT": 0.0,
    "JAW_THRUST": 0.0,
    "LID_TIGHTENER_L": 0.0,
    "LID_TIGHTENER_R": 0.0,
    "LIPS_TOWARD": 0.0,
    "LIP_CORNER_DEPRESSOR_L": 0.0,
    "LIP_CORNER_DEPRESSOR_R": 0.0,
    "LIP_CORNER_PULLER_L": 0.0,
    "LIP_CORNER_PULLER_R": 0.0,
    "LIP_FUNNELER_LB": 0.0,
    "LIP_FUNNELER_LT": 0.0,
    "LIP_FUNNELER_RB": 0.0,
    "LIP_FUNNELER_RT": 0.0,
    "LIP_PRESSOR_L": 0.0,
    "LIP_PRESSOR_R": 0.0,
    "LIP_PUCKER_L": 0.0,
    "LIP_PUCKER_R": 0.0,
    "LIP_STRETCHER_L": 0.0,
    "LIP_STRETCHER_R": 0.0,
    "LIP_SUCK_LB": 0.0,
    "LIP_SUCK_LT": 0.0,
    "LIP_SUCK_RB": 0.0,
    "LIP_SUCK_RT": 0.0,
    "LIP_TIGHTENER_L": 0.0,
    "LIP_TIGHTENER_R": 0.0,
    "LOWER_LIP_DEPRESSOR_L": 0.0,
    "LOWER_LIP_DEPRESSOR_R": 0.0,
    "MOUTH_LEFT": 0.0,
    "MOUTH_LOWERER": 0.0,
    "MOUTH_RAISER": 0.0,
    "MOUTH_RIGHT": 0.0,
    "NOSE_WRINKLER_L": 0.0,
    "NOSE_WRINKLER_R": 0.0,
    "OUTER_BROW_RAISER_L": 0.0,
    "OUTER_BROW_RAISER_R": 0.0,
    "UPPER_LID_RAISER_L": 0.0,
    "UPPER_LID_RAISER_R": 0.0,
    "UPPER_LIP_RAISER_L": 0.0,
    "UPPER_LIP_RAISER_R": 0.0
  },
  "rules_snapshot": {}
}