{
  "version": 1,
  "timestamp": "2026-03-30T17:23:14",
  "frame": 4,
  "label": "issue",
  "note": "Eyes appearh flat, and roated to extreme, wide nose along with tiny mouth does not work",
  "chaos_joints": {
    "JawBind": {
      "location": [
        0.0,
        0.0,
        0.0
      ],
      "rotation_quaternion": [
        1.0,
        0.0,
        0.0,
        0.0
      ],
      "scale": [
        1.0702701807022095,
        1.0290088653564453,
        1.0
      ]
    },
    "MouthBind": {
      "location": [
        0.0,
        0.0,
        0.0
      ],
      "rotation_quaternion": [
        1.0,
        0.0,
        0.0,
        0.0
      ],
      "scale": [
        1.0352734327316284,
        0.6934762001037598,
        1.0
      ]
    },
    "MouthInnerBind": {
      "location": [
        0.0,
        -0.000268557429080829,
        0.0
      ],
      "rotation_quaternion": [
        1.0,
        0.0,
        0.0,
        0.0
      ],
      "scale": [
        1.0530287027359009,
        1.0458526611328125,
        1.0
      ]
    },
    "NoseBind": {
      "location": [
        0.0,
        -0.002929190406575799,
        0.0
      ],
      "rotation_quaternion": [
        0.9995229244232178,
        -0.030885759741067886,
        0.0,
        0.0
      ],
      "scale": [
        1.2743797302246094,
        0.8453408479690552,
        0.8881840109825134
      ]
    },
    "LeftBrowBind": {
      "location": [
        -0.00014950596960261464,
        0.0,
        0.0
      ],
      "rotation_quaternion": [
        0.999275267124176,
        0.028945501893758774,
        -0.024711016565561295,
        0.0007157915970310569
      ],
      "scale": [
        0.9669592380523682,
        1.0177992582321167,
        1.0
      ]
    },
    "RightBrowBind": {
      "location": [
        0.00014950596960261464,
        0.0,
        0.0
      ],
      "rotation_quaternion": [
        0.999275267124176,
        0.028945501893758774,
        0.024711016565561295,
        -0.0007157915970310569
      ],
      "scale": [
        0.9669592380523682,
        1.0177992582321167,
        1.0
      ]
    },
    "RightEyeSocketBind": {
      "location": [
        0.0018265005201101303,
        -0.0024464617017656565,
        0.0
      ],
      "rotation_quaternion": [
        0.9967589378356934,
        0.0,
        0.0,
        0.08044638484716415
      ],
      "scale": [
        1.0888317823410034,
        0.9655272960662842,
        1.0
      ]
    },
    "LeftEyeSocketBind": {
      "location": [
        -0.0018265005201101303,
        -0.0024464617017656565,
        0.0
      ],
      "rotation_quaternion": [
        0.9967589378356934,
        0.0,
        0.0,
        -0.08044638484716415
      ],
      "scale": [
        1.0888317823410034,
        0.9655272960662842,
        1.0
      ]
    },
    "FaceBind": {
      "location": [
        0.0,
        -0.0044272723607718945,
        0.0029700733721256256
      ],
      "rotation_quaternion": [
        1.0,
        0.0,
        0.0,
        0.0
      ],
      "scale": [
        1.0027234554290771,
        1.0032893419265747,
        0.990351140499115
      ]
    },
    "NeckBind": {
      "location": [
        0.0,
        0.0,
        0.0
      ],
      "rotation_quaternion": [
        1.0,
        0.0,
        0.0,
        0.0
      ],
      "scale": [
        1.0811253786087036,
        1.0,
        1.0384705066680908
      ]
    }
  },
  "variation_shapes": {
    "eyes_female_varGp01A": 0.0,
    "eyes_female_varGp01B": 0.2593899667263031,
    "eyes_female_varGp01C": 0.0,
    "eyes_female_varGp01E": 0.0,
    "eyes_female_varGp01G": 0.0,
    "eyes_female_varGp01I": 0.35652363300323486,
    "eyes_male_varGp01D": 0.26510944962501526,
    "eyes_male_varGp01F": 0.11897694319486618,
    "eyes_male_varGp01H": 0.0,
    "eyes_male_varGp01J": 0.0,
    "eyes_male_varGp01K": 0.0,
    "eyes_male_varGp01L": 0.0,
    "jaw_female_varGp01A": 0.0,
    "jaw_female_varGp01B": 0.0,
    "jaw_female_varGp01D": 0.0,
    "jaw_female_varGp01F": 0.0,
    "jaw_female_varGp01H": 0.0,
    "jaw_female_varGp01K": 0.0,
    "jaw_male_varGp01A": 0.6929683089256287,
    "jaw_male_varGp01D": 0.0,
    "jaw_male_varGp01E": 0.0,
    "jaw_male_varGp01H": 0.3070317208766937,
    "jaw_male_varGp01K": 0.0,
    "jaw_male_varGp01L": 0.0,
    "lips_female_varGp01C": 0.0,
    "lips_female_varGp01D": 0.0,
    "lips_female_varGp01E": 0.0,
    "lips_female_varGp01F": 0.0,
    "lips_female_varGp01I": 0.0,
    "lips_female_varGp01J": 1.0,
    "lips_male_varGp01D": 0.0,
    "lips_male_varGp01F": 0.0,
    "lips_male_varGp01G": 0.0,
    "lips_male_varGp01H": 0.0,
    "lips_male_varGp01I": 0.0,
    "lips_male_varGp01K": 0.0,
    "nose_female_varGp01A": 0.0,
    "nose_female_varGp01C": 0.3428996801376343,
    "nose_female_varGp01D": 0.0,
    "nose_female_varGp01F": 0.0,
    "nose_female_varGp01H": 0.0,
    "nose_female_varGp01K": 0.0,
    "nose_male_varGp01A": 0.0,
    "nose_male_varGp01D": 0.1632539927959442,
    "nose_male_varGp01E": 0.0,
    "nose_male_varGp01G": 0.3806225061416626,
    "nose_male_varGp01I": 0.0,
    "nose_male_varGp01K": 0.1132238358259201
  },
  "expression_shapes": {
    "BROW_LOWERER_L": 0.0,
    "BROW_LOWERER_R": 0.0,
    "CHEEK_PUFF_L": 0.06393332779407501,
    "CHEEK_PUFF_R": 0.06393332779407501,
    "CHEEK_RAISER_L": 0.0,
    "CHEEK_RAISER_R": 0.0,
    "CHEEK_SUCK_L": 0.0,
    "CHEEK_SUCK_R": 0.0,
    "CHIN_DEPRESSOR_B": 0.0,
    "CHIN_RAISER_B": 0.0,
    "CHIN_RAISER_T": 0.0,
    "DIMPLER_L": 0.0,
    "DIMPLER_R": 0.0,
    "EYES_CLOSED_L": 0.0,
    "EYES_CLOSED_R": 0.0,
    "EYES_LOOK_DOWN_L": 0.0,
    "EYES_LOOK_DOWN_R": 0.0,
    "EYES_LOOK_LEFT_L": 0.0,
    "EYES_LOOK_LEFT_R": 0.0,
    "EYES_LOOK_RIGHT_L": 0.0,
    "EYES_LOOK_RIGHT_R": 0.0,
    "EYES_LOOK_UP_L": 0.0,
    "EYES_LOOK_UP_R": 0.0,
    "INNER_BROW_CONTRACTOR_L": 0.0,
    "INNER_BROW_CONTRACTOR_R": 0.0,
    "INNER_BROW_RAISER_L": 0.0,
    "INNER_BROW_RAISER_R": 0.0,
    "JAW_COMPRESSOR": 0.0,
    "JAW_DROP": 0.0,
    "JAW_RETREAT": 0.0,
    "JAW_SIDEWAYS_LEFT": 0.0,
    "JAW_SIDEWAYS_RIGHT": 0.0,
    "JAW_THRUST": 0.0,
    "LID_TIGHTENER_L": 0.0,
    "LID_TIGHTENER_R": 0.0,
    "LIPS_TOWARD": 0.0,
    "LIP_CORNER_DEPRESSOR_L": 0.0,
    "LIP_CORNER_DEPRESSOR_R": 0.0,
    "LIP_CORNER_PULLER_L": 0.0,
    "LIP_CORNER_PULLER_R": 0.0,
    "LIP_FUNNELER_LB": 0.0,
    "LIP_FUNNELER_LT": 0.0,
    "LIP_FUNNELER_RB": 0.0,
    "LIP_FUNNELER_RT": 0.0,
    "LIP_PRESSOR_L": 0.0,
    "LIP_PRESSOR_R": 0.0,
    "LIP_PUCKER_L": 0.0,
    "LIP_PUCKER_R": 0.0,
    "LIP_STRETCHER_L": 0.0,
    "LIP_STRETCHER_R": 0.0,
    "LIP_SUCK_LB": 0.0,
    "LIP_SUCK_LT": 0.0,
    "LIP_SUCK_RB": 0.0,
    "LIP_SUCK_RT": 0.0,
    "LIP_TIGHTENER_L": 0.0,
    "LIP_TIGHTENER_R": 0.0,
    "LOWER_LIP_DEPRESSOR_L": 0.0,
    "LOWER_LIP_DEPRESSOR_R": 0.0,
    "MOUTH_LEFT": 0.0,
    "MOUTH_LOWERER": 0.0,
    "MOUTH_RAISER": 0.0,
    "MOUTH_RIGHT": 0.0,
    "NOSE_WRINKLER_L": 0.0,
    "NOSE_WRINKLER_R": 0.0,
    "OUTER_BROW_RAISER_L": 0.0,
    "OUTER_BROW_RAISER_R": 0.0,
    "UPPER_LID_RAISER_L": 0.0,
    "UPPER_LID_RAISER_R": 0.0,
    "UPPER_LIP_RAISER_L": 0.0,
    "UPPER_LIP_RAISER_R": 0.0
  },
  "rules_snapshot": {}
}