{
  "version": 1,
  "timestamp": "2026-03-30T17:20:40",
  "frame": 55,
  "label": "issue",
  "note": "Nose is a bit to long, eyes might be scaled a bit to much up and down",
  "chaos_joints": {
    "JawBind": {
      "location": [
        0.0,
        0.0,
        0.0
      ],
      "rotation_quaternion": [
        1.0,
        0.0,
        0.0,
        0.0
      ],
      "scale": [
        1.0531867742538452,
        1.015987515449524,
        1.0
      ]
    },
    "MouthBind": {
      "location": [
        0.0,
        0.0,
        0.0
      ],
      "rotation_quaternion": [
        1.0,
        0.0,
        0.0,
        0.0
      ],
      "scale": [
        0.8956165909767151,
        1.2614768743515015,
        1.0
      ]
    },
    "MouthInnerBind": {
      "location": [
        0.0,
        0.000543769623618573,
        0.0
      ],
      "rotation_quaternion": [
        1.0,
        0.0,
        0.0,
        0.0
      ],
      "scale": [
        0.9442558884620667,
        0.9919517040252686,
        1.0
      ]
    },
    "NoseBind": {
      "location": [
        0.0,
        0.0011510546319186687,
        0.0
      ],
      "rotation_quaternion": [
        0.9998375773429871,
        -0.018022147938609123,
        0.0,
        0.0
      ],
      "scale": [
        1.3370344638824463,
        0.8932988047599792,
        1.1771451234817505
      ]
    },
    "LeftBrowBind": {
      "location": [
        0.0002766059769783169,
        0.0,
        0.0
      ],
      "rotation_quaternion": [
        0.9999103546142578,
        -0.013371262699365616,
        -0.0006691422313451767,
        -8.948079084802885e-06
      ],
      "scale": [
        0.9769797921180725,
        1.2388129234313965,
        1.0
      ]
    },
    "RightBrowBind": {
      "location": [
        -0.0002766059769783169,
        0.0,
        0.0
      ],
      "rotation_quaternion": [
        0.9999103546142578,
        -0.013371262699365616,
        0.0006691422313451767,
        8.948079084802885e-06
      ],
      "scale": [
        0.9769797921180725,
        1.2388129234313965,
        1.0
      ]
    },
    "RightEyeSocketBind": {
      "location": [
        -0.0011417035711929202,
        0.00013913334987591952,
        0.0
      ],
      "rotation_quaternion": [
        0.9997873902320862,
        0.0,
        0.0,
        0.02061879262328148
      ],
      "scale": [
        0.9074612259864807,
        0.9590257406234741,
        1.0
      ]
    },
    "LeftEyeSocketBind": {
      "location": [
        0.0011417035711929202,
        0.00013913334987591952,
        0.0
      ],
      "rotation_quaternion": [
        0.9997873902320862,
        0.0,
        0.0,
        -0.02061879262328148
      ],
      "scale": [
        0.9074612259864807,
        0.9590257406234741,
        1.0
      ]
    },
    "FaceBind": {
      "location": [
        0.0,
        0.0019705994054675102,
        -0.0032942048273980618
      ],
      "rotation_quaternion": [
        1.0,
        0.0,
        0.0,
        0.0
      ],
      "scale": [
        0.9874701499938965,
        0.9897449612617493,
        0.9961036443710327
      ]
    },
    "NeckBind": {
      "location": [
        0.0,
        0.0,
        0.0
      ],
      "rotation_quaternion": [
        1.0,
        0.0,
        0.0,
        0.0
      ],
      "scale": [
        1.1574158668518066,
        1.0,
        0.9193843603134155
      ]
    }
  },
  "variation_shapes": {
    "eyes_female_varGp01A": 0.0,
    "eyes_female_varGp01B": 0.0,
    "eyes_female_varGp01C": 0.0,
    "eyes_female_varGp01E": 0.0,
    "eyes_female_varGp01G": 0.0,
    "eyes_female_varGp01I": 0.22398969531059265,
    "eyes_male_varGp01D": 0.0,
    "eyes_male_varGp01F": 0.24864521622657776,
    "eyes_male_varGp01H": 0.0,
    "eyes_male_varGp01J": 0.0,
    "eyes_male_varGp01K": 0.0,
    "eyes_male_varGp01L": 0.5273650884628296,
    "jaw_female_varGp01A": 0.0,
    "jaw_female_varGp01B": 0.0,
    "jaw_female_varGp01D": 0.0,
    "jaw_female_varGp01F": 0.22903300821781158,
    "jaw_female_varGp01H": 0.35823583602905273,
    "jaw_female_varGp01K": 0.017742805182933807,
    "jaw_male_varGp01A": 0.0,
    "jaw_male_varGp01D": 0.39498835802078247,
    "jaw_male_varGp01E": 0.0,
    "jaw_male_varGp01H": 0.0,
    "jaw_male_varGp01K": 0.0,
    "jaw_male_varGp01L": 0.0,
    "lips_female_varGp01C": 0.0,
    "lips_female_varGp01D": 0.0,
    "lips_female_varGp01E": 0.0,
    "lips_female_varGp01F": 0.0,
    "lips_female_varGp01I": 0.0,
    "lips_female_varGp01J": 0.0,
    "lips_male_varGp01D": 0.0,
    "lips_male_varGp01F": 0.0,
    "lips_male_varGp01G": 0.0,
    "lips_male_varGp01H": 0.0,
    "lips_male_varGp01I": 1.0,
    "lips_male_varGp01K": 0.0,
    "nose_female_varGp01A": 0.0,
    "nose_female_varGp01C": 0.0,
    "nose_female_varGp01D": 0.0,
    "nose_female_varGp01F": 0.0,
    "nose_female_varGp01H": 0.0,
    "nose_female_varGp01K": 0.0,
    "nose_male_varGp01A": 1.0,
    "nose_male_varGp01D": 0.0,
    "nose_male_varGp01E": 0.0,
    "nose_male_varGp01G": 0.0,
    "nose_male_varGp01I": 0.0,
    "nose_male_varGp01K": 0.0
  },
  "expression_shapes": {
    "BROW_LOWERER_L": 0.0,
    "BROW_LOWERER_R": 0.0,
    "CHEEK_PUFF_L": 0.1440633088350296,
    "CHEEK_PUFF_R": 0.1440633088350296,
    "CHEEK_RAISER_L": 0.0,
    "CHEEK_RAISER_R": 0.0,
    "CHEEK_SUCK_L": 0.0,
    "CHEEK_SUCK_R": 0.0,
    "CHIN_DEPRESSOR_B": 0.0,
    "CHIN_RAISER_B": 0.0,
    "CHIN_RAISER_T": 0.0,
    "DIMPLER_L": 0.0,
    "DIMPLER_R": 0.0,
    "EYES_CLOSED_L": 0.0,
    "EYES_CLOSED_R": 0.0,
    "EYES_LOOK_DOWN_L": 0.0,
    "EYES_LOOK_DOWN_R": 0.0,
    "EYES_LOOK_LEFT_L": 0.0,
    "EYES_LOOK_LEFT_R": 0.0,
    "EYES_LOOK_RIGHT_L": 0.0,
    "EYES_LOOK_RIGHT_R": 0.0,
    "EYES_LOOK_UP_L": 0.0,
    "EYES_LOOK_UP_R": 0.0,
    "INNER_BROW_CONTRACTOR_L": 0.0,
    "INNER_BROW_CONTRACTOR_R": 0.0,
    "INNER_BROW_RAISER_L": 0.0,
    "INNER_BROW_RAISER_R": 0.0,
    "JAW_COMPRESSOR": 0.0,
    "JAW_DROP": 0.0,
    "JAW_RETREAT": 0.0,
    "JAW_SIDEWAYS_LEFT": 0.0,
    "JAW_SIDEWAYS_RIGHT": 0.0,
    "JAW_THRUST": 0.0,
    "LID_TIGHTENER_L": 0.0,
    "LID_TIGHTENER_R": 0.0,
    "LIPS_TOWARD": 0.0,
    "LIP_CORNER_DEPRESSOR_L": 0.0,
    "LIP_CORNER_DEPRESSOR_R": 0.0,
    "LIP_CORNER_PULLER_L": 0.0,
    "LIP_CORNER_PULLER_R": 0.0,
    "LIP_FUNNELER_LB": 0.0,
    "LIP_FUNNELER_LT": 0.0,
    "LIP_FUNNELER_RB": 0.0,
    "LIP_FUNNELER_RT": 0.0,
    "LIP_PRESSOR_L": 0.0,
    "LIP_PRESSOR_R": 0.0,
    "LIP_PUCKER_L": 0.0,
    "LIP_PUCKER_R": 0.0,
    "LIP_STRETCHER_L": 0.0,
    "LIP_STRETCHER_R": 0.0,
    "LIP_SUCK_LB": 0.0,
    "LIP_SUCK_LT": 0.0,
    "LIP_SUCK_RB": 0.0,
    "LIP_SUCK_RT": 0.0,
    "LIP_TIGHTENER_L": 0.0,
    "LIP_TIGHTENER_R": 0.0,
    "LOWER_LIP_DEPRESSOR_L": 0.0,
    "LOWER_LIP_DEPRESSOR_R": 0.0,
    "MOUTH_LEFT": 0.0,
    "MOUTH_LOWERER": 0.0,
    "MOUTH_RAISER": 0.0,
    "MOUTH_RIGHT": 0.0,
    "NOSE_WRINKLER_L": 0.0,
    "NOSE_WRINKLER_R": 0.0,
    "OUTER_BROW_RAISER_L": 0.0,
    "OUTER_BROW_RAISER_R": 0.0,
    "UPPER_LID_RAISER_L": 0.0,
    "UPPER_LID_RAISER_R": 0.0,
    "UPPER_LIP_RAISER_L": 0.0,
    "UPPER_LIP_RAISER_R": 0.0
  },
  "rules_snapshot": {}
}