{
  "version": 1,
  "timestamp": "2026-03-30T18:15:17",
  "frame": 100,
  "label": "issue",
  "note": "eyes are just a bit big with the rest of the head.",
  "chaos_joints": {
    "JawBind": {
      "location": [
        0.0,
        0.0,
        0.0
      ],
      "rotation_quaternion": [
        1.0,
        0.0,
        0.0,
        0.0
      ],
      "scale": [
        0.9074105620384216,
        0.9883256554603577,
        1.0
      ]
    },
    "MouthBind": {
      "location": [
        0.0,
        0.0,
        0.0
      ],
      "rotation_quaternion": [
        1.0,
        0.0,
        0.0,
        0.0
      ],
      "scale": [
        1.0682042837142944,
        0.8373196721076965,
        1.0
      ]
    },
    "MouthInnerBind": {
      "location": [
        0.0,
        -0.0020925174467265606,
        0.0
      ],
      "rotation_quaternion": [
        1.0,
        0.0,
        0.0,
        0.0
      ],
      "scale": [
        0.9386833310127258,
        1.0264489650726318,
        1.0
      ]
    },
    "NoseBind": {
      "location": [
        0.0,
        -0.00297482218593359,
        0.0
      ],
      "rotation_quaternion": [
        0.9998589754104614,
        0.016794905066490173,
        0.0,
        0.0
      ],
      "scale": [
        0.7891554236412048,
        0.9777361154556274,
        1.1400357484817505
      ]
    },
    "LeftBrowBind": {
      "location": [
        0.0007632517954334617,
        0.0,
        0.0
      ],
      "rotation_quaternion": [
        0.9995784759521484,
        -0.027327140793204308,
        0.009802144952118397,
        0.00026797756436280906
      ],
      "scale": [
        1.0301227569580078,
        1.2129391431808472,
        1.0
      ]
    },
    "RightBrowBind": {
      "location": [
        -0.0007632517954334617,
        0.0,
        0.0
      ],
      "rotation_quaternion": [
        0.9995784759521484,
        -0.027327140793204308,
        -0.009802144952118397,
        -0.00026797756436280906
      ],
      "scale": [
        1.0301227569580078,
        1.2129391431808472,
        1.0
      ]
    },
    "RightEyeSocketBind": {
      "location": [
        0.001159735838882625,
        0.0024583134800195694,
        0.0
      ],
      "rotation_quaternion": [
        0.996708333492279,
        0.0,
        0.0,
        -0.08107097446918488
      ],
      "scale": [
        1.0794610977172852,
        1.026042103767395,
        1.0
      ]
    },
    "LeftEyeSocketBind": {
      "location": [
        -0.001159735838882625,
        0.0024583134800195694,
        0.0
      ],
      "rotation_quaternion": [
        0.996708333492279,
        0.0,
        0.0,
        0.08107097446918488
      ],
      "scale": [
        1.0794610977172852,
        1.026042103767395,
        1.0
      ]
    },
    "FaceBind": {
      "location": [
        0.0,
        -0.002851612865924835,
        0.0011613083770498633
      ],
      "rotation_quaternion": [
        1.0,
        0.0,
        0.0,
        0.0
      ],
      "scale": [
        1.0095388889312744,
        1.012507677078247,
        0.9892489314079285
      ]
    },
    "NeckBind": {
      "location": [
        0.0,
        0.0,
        0.0
      ],
      "rotation_quaternion": [
        1.0,
        0.0,
        0.0,
        0.0
      ],
      "scale": [
        1.1568176746368408,
        1.0,
        0.9284728169441223
      ]
    }
  },
  "variation_shapes": {
    "eyes_female_varGp01A": 0.0,
    "eyes_female_varGp01B": 0.0,
    "eyes_female_varGp01C": 0.0,
    "eyes_female_varGp01E": 0.0,
    "eyes_female_varGp01G": 0.0,
    "eyes_female_varGp01I": 0.0,
    "eyes_male_varGp01D": 0.0,
    "eyes_male_varGp01F": 1.0,
    "eyes_male_varGp01H": 0.0,
    "eyes_male_varGp01J": 0.0,
    "eyes_male_varGp01K": 0.0,
    "eyes_male_varGp01L": 0.0,
    "jaw_female_varGp01A": 0.0,
    "jaw_female_varGp01B": 0.0,
    "jaw_female_varGp01D": 0.0,
    "jaw_female_varGp01F": 0.0,
    "jaw_female_varGp01H": 0.0,
    "jaw_female_varGp01K": 0.0,
    "jaw_male_varGp01A": 0.0,
    "jaw_male_varGp01D": 0.49875351786613464,
    "jaw_male_varGp01E": 0.0,
    "jaw_male_varGp01H": 0.5012465119361877,
    "jaw_male_varGp01K": 0.0,
    "jaw_male_varGp01L": 0.0,
    "lips_female_varGp01C": 0.0,
    "lips_female_varGp01D": 0.0,
    "lips_female_varGp01E": 0.0,
    "lips_female_varGp01F": 0.0,
    "lips_female_varGp01I": 0.0,
    "lips_female_varGp01J": 0.0,
    "lips_male_varGp01D": 1.0,
    "lips_male_varGp01F": 0.0,
    "lips_male_varGp01G": 0.0,
    "lips_male_varGp01H": 0.0,
    "lips_male_varGp01I": 0.0,
    "lips_male_varGp01K": 0.0,
    "nose_female_varGp01A": 0.0,
    "nose_female_varGp01C": 0.521589994430542,
    "nose_female_varGp01D": 0.0,
    "nose_female_varGp01F": 0.478410005569458,
    "nose_female_varGp01H": 0.0,
    "nose_female_varGp01K": 0.0,
    "nose_male_varGp01A": 0.0,
    "nose_male_varGp01D": 0.0,
    "nose_male_varGp01E": 0.0,
    "nose_male_varGp01G": 0.0,
    "nose_male_varGp01I": 0.0,
    "nose_male_varGp01K": 0.0
  },
  "expression_shapes": {
    "BROW_LOWERER_L": 0.0,
    "BROW_LOWERER_R": 0.0,
    "CHEEK_PUFF_L": 0.16407828032970428,
    "CHEEK_PUFF_R": 0.16407828032970428,
    "CHEEK_RAISER_L": 0.0,
    "CHEEK_RAISER_R": 0.0,
    "CHEEK_SUCK_L": 0.0,
    "CHEEK_SUCK_R": 0.0,
    "CHIN_DEPRESSOR_B": 0.0,
    "CHIN_RAISER_B": 0.0,
    "CHIN_RAISER_T": 0.0,
    "DIMPLER_L": 0.0,
    "DIMPLER_R": 0.0,
    "EYES_CLOSED_L": 0.0,
    "EYES_CLOSED_R": 0.0,
    "EYES_LOOK_DOWN_L": 0.0,
    "EYES_LOOK_DOWN_R": 0.0,
    "EYES_LOOK_LEFT_L": 0.0,
    "EYES_LOOK_LEFT_R": 0.0,
    "EYES_LOOK_RIGHT_L": 0.0,
    "EYES_LOOK_RIGHT_R": 0.0,
    "EYES_LOOK_UP_L": 0.0,
    "EYES_LOOK_UP_R": 0.0,
    "INNER_BROW_CONTRACTOR_L": 0.0,
    "INNER_BROW_CONTRACTOR_R": 0.0,
    "INNER_BROW_RAISER_L": 0.0,
    "INNER_BROW_RAISER_R": 0.0,
    "JAW_COMPRESSOR": 0.0,
    "JAW_DROP": 0.0,
    "JAW_RETREAT": 0.0,
    "JAW_SIDEWAYS_LEFT": 0.0,
    "JAW_SIDEWAYS_RIGHT": 0.0,
    "JAW_THRUST": 0.0,
    "LID_TIGHTENER_L": 0.0,
    "LID_TIGHTENER_R": 0.0,
    "LIPS_TOWARD": 0.0,
    "LIP_CORNER_DEPRESSOR_L": 0.0,
    "LIP_CORNER_DEPRESSOR_R": 0.0,
    "LIP_CORNER_PULLER_L": 0.0,
    "LIP_CORNER_PULLER_R": 0.0,
    "LIP_FUNNELER_LB": 0.0,
    "LIP_FUNNELER_LT": 0.0,
    "LIP_FUNNELER_RB": 0.0,
    "LIP_FUNNELER_RT": 0.0,
    "LIP_PRESSOR_L": 0.0,
    "LIP_PRESSOR_R": 0.0,
    "LIP_PUCKER_L": 0.0,
    "LIP_PUCKER_R": 0.0,
    "LIP_STRETCHER_L": 0.0,
    "LIP_STRETCHER_R": 0.0,
    "LIP_SUCK_LB": 0.0,
    "LIP_SUCK_LT": 0.0,
    "LIP_SUCK_RB": 0.0,
    "LIP_SUCK_RT": 0.0,
    "LIP_TIGHTENER_L": 0.0,
    "LIP_TIGHTENER_R": 0.0,
    "LOWER_LIP_DEPRESSOR_L": 0.0,
    "LOWER_LIP_DEPRESSOR_R": 0.0,
    "MOUTH_LEFT": 0.0,
    "MOUTH_LOWERER": 0.0,
    "MOUTH_RAISER": 0.0,
    "MOUTH_RIGHT": 0.0,
    "NOSE_WRINKLER_L": 0.0,
    "NOSE_WRINKLER_R": 0.0,
    "OUTER_BROW_RAISER_L": 0.0,
    "OUTER_BROW_RAISER_R": 0.0,
    "UPPER_LID_RAISER_L": 0.0,
    "UPPER_LID_RAISER_R": 0.0,
    "UPPER_LIP_RAISER_L": 0.0,
    "UPPER_LIP_RAISER_R": 0.0
  },
  "rules_snapshot": {}
}