{
  "version": 1,
  "timestamp": "2026-03-30T17:29:44",
  "frame": 14,
  "label": "issue",
  "note": "Nose is far to big in relation to other features, distracting",
  "chaos_joints": {
    "JawBind": {
      "location": [
        0.0,
        0.0,
        0.0
      ],
      "rotation_quaternion": [
        1.0,
        0.0,
        0.0,
        0.0
      ],
      "scale": [
        1.0249292850494385,
        0.9707690477371216,
        1.0
      ]
    },
    "MouthBind": {
      "location": [
        0.0,
        0.0,
        0.0
      ],
      "rotation_quaternion": [
        1.0,
        0.0,
        0.0,
        0.0
      ],
      "scale": [
        0.8035395741462708,
        1.2056646347045898,
        1.0
      ]
    },
    "MouthInnerBind": {
      "location": [
        0.0,
        0.0012766310246661305,
        0.0
      ],
      "rotation_quaternion": [
        1.0,
        0.0,
        0.0,
        0.0
      ],
      "scale": [
        1.0274043083190918,
        1.0471879243850708,
        1.0
      ]
    },
    "NoseBind": {
      "location": [
        0.0,
        0.0032830103300511837,
        0.0
      ],
      "rotation_quaternion": [
        0.9991443753242493,
        0.04135770723223686,
        0.0,
        0.0
      ],
      "scale": [
        1.349843144416809,
        1.2391083240509033,
        1.0232435464859009
      ]
    },
    "LeftBrowBind": {
      "location": [
        -0.000483550044009462,
        0.0,
        0.0
      ],
      "rotation_quaternion": [
        0.9995721578598022,
        0.026366643607616425,
        0.012658773921430111,
        -0.00033391223405487835
      ],
      "scale": [
        1.067220687866211,
        0.7743643522262573,
        1.0
      ]
    },
    "RightBrowBind": {
      "location": [
        0.000483550044009462,
        0.0,
        0.0
      ],
      "rotation_quaternion": [
        0.9995721578598022,
        0.026366643607616425,
        -0.012658773921430111,
        0.00033391223405487835
      ],
      "scale": [
        1.067220687866211,
        0.7743643522262573,
        1.0
      ]
    },
    "RightEyeSocketBind": {
      "location": [
        -0.000460802111774683,
        -0.00583135150372982,
        0.0
      ],
      "rotation_quaternion": [
        0.9988532066345215,
        0.0,
        0.0,
        -0.04787753149867058
      ],
      "scale": [
        1.0006712675094604,
        1.0493290424346924,
        1.0
      ]
    },
    "LeftEyeSocketBind": {
      "location": [
        0.000460802111774683,
        -0.00583135150372982,
        0.0
      ],
      "rotation_quaternion": [
        0.9988532066345215,
        0.0,
        0.0,
        0.04787753149867058
      ],
      "scale": [
        1.0006712675094604,
        1.0493290424346924,
        1.0
      ]
    },
    "FaceBind": {
      "location": [
        0.0,
        0.002765065524727106,
        -0.003923364914953709
      ],
      "rotation_quaternion": [
        1.0,
        0.0,
        0.0,
        0.0
      ],
      "scale": [
        0.9880815148353577,
        0.9875860214233398,
        1.0001612901687622
      ]
    },
    "NeckBind": {
      "location": [
        0.0,
        0.0,
        0.0
      ],
      "rotation_quaternion": [
        1.0,
        0.0,
        0.0,
        0.0
      ],
      "scale": [
        0.9703848361968994,
        1.0,
        0.9182925820350647
      ]
    }
  },
  "variation_shapes": {
    "eyes_female_varGp01A": 0.0,
    "eyes_female_varGp01B": 0.0,
    "eyes_female_varGp01C": 0.0,
    "eyes_female_varGp01E": 0.0,
    "eyes_female_varGp01G": 0.15592201054096222,
    "eyes_female_varGp01I": 0.0,
    "eyes_male_varGp01D": 0.5604203939437866,
    "eyes_male_varGp01F": 0.28365758061408997,
    "eyes_male_varGp01H": 0.0,
    "eyes_male_varGp01J": 0.0,
    "eyes_male_varGp01K": 0.0,
    "eyes_male_varGp01L": 0.0,
    "jaw_female_varGp01A": 0.40344274044036865,
    "jaw_female_varGp01B": 0.0,
    "jaw_female_varGp01D": 0.0,
    "jaw_female_varGp01F": 0.0,
    "jaw_female_varGp01H": 0.0,
    "jaw_female_varGp01K": 0.3726722002029419,
    "jaw_male_varGp01A": 0.0,
    "jaw_male_varGp01D": 0.1361343413591385,
    "jaw_male_varGp01E": 0.0,
    "jaw_male_varGp01H": 0.0,
    "jaw_male_varGp01K": 0.08775073289871216,
    "jaw_male_varGp01L": 0.0,
    "lips_female_varGp01C": 0.0,
    "lips_female_varGp01D": 0.0,
    "lips_female_varGp01E": 0.10706936568021774,
    "lips_female_varGp01F": 0.0,
    "lips_female_varGp01I": 0.0,
    "lips_female_varGp01J": 0.0,
    "lips_male_varGp01D": 0.0,
    "lips_male_varGp01F": 0.0,
    "lips_male_varGp01G": 0.0,
    "lips_male_varGp01H": 0.001717426348477602,
    "lips_male_varGp01I": 0.8912132382392883,
    "lips_male_varGp01K": 0.0,
    "nose_female_varGp01A": 0.0,
    "nose_female_varGp01C": 0.5384307503700256,
    "nose_female_varGp01D": 0.0,
    "nose_female_varGp01F": 0.09684944897890091,
    "nose_female_varGp01H": 0.0,
    "nose_female_varGp01K": 0.0,
    "nose_male_varGp01A": 0.0,
    "nose_male_varGp01D": 0.14400553703308105,
    "nose_male_varGp01E": 0.0,
    "nose_male_varGp01G": 0.0,
    "nose_male_varGp01I": 0.2207142561674118,
    "nose_male_varGp01K": 0.0
  },
  "expression_shapes": {
    "BROW_LOWERER_L": 0.0,
    "BROW_LOWERER_R": 0.0,
    "CHEEK_PUFF_L": 0.23746995627880096,
    "CHEEK_PUFF_R": 0.23746995627880096,
    "CHEEK_RAISER_L": 0.0,
    "CHEEK_RAISER_R": 0.0,
    "CHEEK_SUCK_L": 0.0,
    "CHEEK_SUCK_R": 0.0,
    "CHIN_DEPRESSOR_B": 0.0,
    "CHIN_RAISER_B": 0.0,
    "CHIN_RAISER_T": 0.0,
    "DIMPLER_L": 0.0,
    "DIMPLER_R": 0.0,
    "EYES_CLOSED_L": 0.0,
    "EYES_CLOSED_R": 0.0,
    "EYES_LOOK_DOWN_L": 0.0,
    "EYES_LOOK_DOWN_R": 0.0,
    "EYES_LOOK_LEFT_L": 0.0,
    "EYES_LOOK_LEFT_R": 0.0,
    "EYES_LOOK_RIGHT_L": 0.0,
    "EYES_LOOK_RIGHT_R": 0.0,
    "EYES_LOOK_UP_L": 0.0,
    "EYES_LOOK_UP_R": 0.0,
    "INNER_BROW_CONTRACTOR_L": 0.0,
    "INNER_BROW_CONTRACTOR_R": 0.0,
    "INNER_BROW_RAISER_L": 0.0,
    "INNER_BROW_RAISER_R": 0.0,
    "JAW_COMPRESSOR": 0.0,
    "JAW_DROP": 0.0,
    "JAW_RETREAT": 0.0,
    "JAW_SIDEWAYS_LEFT": 0.0,
    "JAW_SIDEWAYS_RIGHT": 0.0,
    "JAW_THRUST": 0.0,
    "LID_TIGHTENER_L": 0.0,
    "LID_TIGHTENER_R": 0.0,
    "LIPS_TOWARD": 0.0,
    "LIP_CORNER_DEPRESSOR_L": 0.0,
    "LIP_CORNER_DEPRESSOR_R": 0.0,
    "LIP_CORNER_PULLER_L": 0.0,
    "LIP_CORNER_PULLER_R": 0.0,
    "LIP_FUNNELER_LB": 0.0,
    "LIP_FUNNELER_LT": 0.0,
    "LIP_FUNNELER_RB": 0.0,
    "LIP_FUNNELER_RT": 0.0,
    "LIP_PRESSOR_L": 0.0,
    "LIP_PRESSOR_R": 0.0,
    "LIP_PUCKER_L": 0.0,
    "LIP_PUCKER_R": 0.0,
    "LIP_STRETCHER_L": 0.0,
    "LIP_STRETCHER_R": 0.0,
    "LIP_SUCK_LB": 0.0,
    "LIP_SUCK_LT": 0.0,
    "LIP_SUCK_RB": 0.0,
    "LIP_SUCK_RT": 0.0,
    "LIP_TIGHTENER_L": 0.0,
    "LIP_TIGHTENER_R": 0.0,
    "LOWER_LIP_DEPRESSOR_L": 0.0,
    "LOWER_LIP_DEPRESSOR_R": 0.0,
    "MOUTH_LEFT": 0.0,
    "MOUTH_LOWERER": 0.0,
    "MOUTH_RAISER": 0.0,
    "MOUTH_RIGHT": 0.0,
    "NOSE_WRINKLER_L": 0.0,
    "NOSE_WRINKLER_R": 0.0,
    "OUTER_BROW_RAISER_L": 0.0,
    "OUTER_BROW_RAISER_R": 0.0,
    "UPPER_LID_RAISER_L": 0.0,
    "UPPER_LID_RAISER_R": 0.0,
    "UPPER_LIP_RAISER_L": 0.0,
    "UPPER_LIP_RAISER_R": 0.0
  },
  "rules_snapshot": {}
}