{
  "version": 1,
  "timestamp": "2026-03-30T17:50:42",
  "frame": 53,
  "label": "issue",
  "note": "This head looks good from the front even though the eyes are wid and circular, but the nose from the provie is to long forward and squashed up and down. otherwise thsi head would be perfect.",
  "chaos_joints": {
    "JawBind": {
      "location": [
        0.0,
        0.0,
        0.0
      ],
      "rotation_quaternion": [
        1.0,
        0.0,
        0.0,
        0.0
      ],
      "scale": [
        0.9070663452148438,
        0.9960650205612183,
        1.0
      ]
    },
    "MouthBind": {
      "location": [
        0.0,
        0.0,
        0.0
      ],
      "rotation_quaternion": [
        1.0,
        0.0,
        0.0,
        0.0
      ],
      "scale": [
        0.9279801249504089,
        1.1772165298461914,
        1.0
      ]
    },
    "MouthInnerBind": {
      "location": [
        0.0,
        -0.0022214166820049286,
        0.0
      ],
      "rotation_quaternion": [
        1.0,
        0.0,
        0.0,
        0.0
      ],
      "scale": [
        0.9623596668243408,
        1.0662684440612793,
        1.0
      ]
    },
    "NoseBind": {
      "location": [
        0.0,
        -0.002597150858491659,
        0.0
      ],
      "rotation_quaternion": [
        0.9972856044769287,
        0.07363053411245346,
        0.0,
        0.0
      ],
      "scale": [
        1.2920979261398315,
        0.7984390258789062,
        1.055806279182434
      ]
    },
    "LeftBrowBind": {
      "location": [
        -0.0005184384062886238,
        0.0,
        0.0
      ],
      "rotation_quaternion": [
        0.9996069669723511,
        0.026921024546027184,
        0.007816898636519909,
        -0.00021052165539003909
      ],
      "scale": [
        1.017469882965088,
        0.9967115521430969,
        1.0
      ]
    },
    "RightBrowBind": {
      "location": [
        0.0005184384062886238,
        0.0,
        0.0
      ],
      "rotation_quaternion": [
        0.9996069669723511,
        0.026921024546027184,
        -0.007816898636519909,
        0.00021052165539003909
      ],
      "scale": [
        1.017469882965088,
        0.9967115521430969,
        1.0
      ]
    },
    "RightEyeSocketBind": {
      "location": [
        -0.0024956970009952784,
        0.0037438722793012857,
        0.0
      ],
      "rotation_quaternion": [
        0.9970617890357971,
        0.0,
        0.0,
        -0.07660128176212311
      ],
      "scale": [
        0.9957844018936157,
        1.0790034532546997,
        1.0
      ]
    },
    "LeftEyeSocketBind": {
      "location": [
        0.0024956970009952784,
        0.0037438722793012857,
        0.0
      ],
      "rotation_quaternion": [
        0.9970617890357971,
        0.0,
        0.0,
        0.07660128176212311
      ],
      "scale": [
        0.9957844018936157,
        1.0790034532546997,
        1.0
      ]
    },
    "FaceBind": {
      "location": [
        0.0,
        -0.004925020504742861,
        0.003651600331068039
      ],
      "rotation_quaternion": [
        1.0,
        0.0,
        0.0,
        0.0
      ],
      "scale": [
        1.0099648237228394,
        1.0017426013946533,
        1.0032472610473633
      ]
    },
    "NeckBind": {
      "location": [
        0.0,
        0.0,
        0.0
      ],
      "rotation_quaternion": [
        1.0,
        0.0,
        0.0,
        0.0
      ],
      "scale": [
        1.1264187097549438,
        1.0,
        1.0399868488311768
      ]
    }
  },
  "variation_shapes": {
    "eyes_female_varGp01A": 0.0,
    "eyes_female_varGp01B": 0.0,
    "eyes_female_varGp01C": 0.41369912028312683,
    "eyes_female_varGp01E": 0.0,
    "eyes_female_varGp01G": 0.0,
    "eyes_female_varGp01I": 0.0,
    "eyes_male_varGp01D": 0.0,
    "eyes_male_varGp01F": 0.1189301460981369,
    "eyes_male_varGp01H": 0.06147919222712517,
    "eyes_male_varGp01J": 0.0,
    "eyes_male_varGp01K": 0.0,
    "eyes_male_varGp01L": 0.4058915376663208,
    "jaw_female_varGp01A": 0.0,
    "jaw_female_varGp01B": 0.0,
    "jaw_female_varGp01D": 0.0,
    "jaw_female_varGp01F": 0.0,
    "jaw_female_varGp01H": 0.22247663140296936,
    "jaw_female_varGp01K": 0.3022907078266144,
    "jaw_male_varGp01A": 0.0,
    "jaw_male_varGp01D": 0.0,
    "jaw_male_varGp01E": 0.3399464190006256,
    "jaw_male_varGp01H": 0.0,
    "jaw_male_varGp01K": 0.0,
    "jaw_male_varGp01L": 0.13528622686862946,
    "lips_female_varGp01C": 0.0,
    "lips_female_varGp01D": 0.0,
    "lips_female_varGp01E": 0.33535805344581604,
    "lips_female_varGp01F": 0.0,
    "lips_female_varGp01I": 0.0,
    "lips_female_varGp01J": 0.0,
    "lips_male_varGp01D": 0.0,
    "lips_male_varGp01F": 0.6646419167518616,
    "lips_male_varGp01G": 0.0,
    "lips_male_varGp01H": 0.0,
    "lips_male_varGp01I": 0.0,
    "lips_male_varGp01K": 0.0,
    "nose_female_varGp01A": 0.0,
    "nose_female_varGp01C": 0.0,
    "nose_female_varGp01D": 0.0,
    "nose_female_varGp01F": 0.0,
    "nose_female_varGp01H": 0.553288996219635,
    "nose_female_varGp01K": 0.0,
    "nose_male_varGp01A": 0.0,
    "nose_male_varGp01D": 0.29977110028266907,
    "nose_male_varGp01E": 0.0,
    "nose_male_varGp01G": 0.14693991839885712,
    "nose_male_varGp01I": 0.0,
    "nose_male_varGp01K": 0.0
  },
  "expression_shapes": {
    "BROW_LOWERER_L": 0.0,
    "BROW_LOWERER_R": 0.0,
    "CHEEK_PUFF_L": 0.02162744663655758,
    "CHEEK_PUFF_R": 0.02162744663655758,
    "CHEEK_RAISER_L": 0.0,
    "CHEEK_RAISER_R": 0.0,
    "CHEEK_SUCK_L": 0.0,
    "CHEEK_SUCK_R": 0.0,
    "CHIN_DEPRESSOR_B": 0.0,
    "CHIN_RAISER_B": 0.0,
    "CHIN_RAISER_T": 0.0,
    "DIMPLER_L": 0.0,
    "DIMPLER_R": 0.0,
    "EYES_CLOSED_L": 0.0,
    "EYES_CLOSED_R": 0.0,
    "EYES_LOOK_DOWN_L": 0.0,
    "EYES_LOOK_DOWN_R": 0.0,
    "EYES_LOOK_LEFT_L": 0.0,
    "EYES_LOOK_LEFT_R": 0.0,
    "EYES_LOOK_RIGHT_L": 0.0,
    "EYES_LOOK_RIGHT_R": 0.0,
    "EYES_LOOK_UP_L": 0.0,
    "EYES_LOOK_UP_R": 0.0,
    "INNER_BROW_CONTRACTOR_L": 0.0,
    "INNER_BROW_CONTRACTOR_R": 0.0,
    "INNER_BROW_RAISER_L": 0.0,
    "INNER_BROW_RAISER_R": 0.0,
    "JAW_COMPRESSOR": 0.0,
    "JAW_DROP": 0.0,
    "JAW_RETREAT": 0.0,
    "JAW_SIDEWAYS_LEFT": 0.0,
    "JAW_SIDEWAYS_RIGHT": 0.0,
    "JAW_THRUST": 0.0,
    "LID_TIGHTENER_L": 0.0,
    "LID_TIGHTENER_R": 0.0,
    "LIPS_TOWARD": 0.0,
    "LIP_CORNER_DEPRESSOR_L": 0.0,
    "LIP_CORNER_DEPRESSOR_R": 0.0,
    "LIP_CORNER_PULLER_L": 0.0,
    "LIP_CORNER_PULLER_R": 0.0,
    "LIP_FUNNELER_LB": 0.0,
    "LIP_FUNNELER_LT": 0.0,
    "LIP_FUNNELER_RB": 0.0,
    "LIP_FUNNELER_RT": 0.0,
    "LIP_PRESSOR_L": 0.0,
    "LIP_PRESSOR_R": 0.0,
    "LIP_PUCKER_L": 0.0,
    "LIP_PUCKER_R": 0.0,
    "LIP_STRETCHER_L": 0.0,
    "LIP_STRETCHER_R": 0.0,
    "LIP_SUCK_LB": 0.0,
    "LIP_SUCK_LT": 0.0,
    "LIP_SUCK_RB": 0.0,
    "LIP_SUCK_RT": 0.0,
    "LIP_TIGHTENER_L": 0.0,
    "LIP_TIGHTENER_R": 0.0,
    "LOWER_LIP_DEPRESSOR_L": 0.0,
    "LOWER_LIP_DEPRESSOR_R": 0.0,
    "MOUTH_LEFT": 0.0,
    "MOUTH_LOWERER": 0.0,
    "MOUTH_RAISER": 0.0,
    "MOUTH_RIGHT": 0.0,
    "NOSE_WRINKLER_L": 0.0,
    "NOSE_WRINKLER_R": 0.0,
    "OUTER_BROW_RAISER_L": 0.0,
    "OUTER_BROW_RAISER_R": 0.0,
    "UPPER_LID_RAISER_L": 0.0,
    "UPPER_LID_RAISER_R": 0.0,
    "UPPER_LIP_RAISER_L": 0.0,
    "UPPER_LIP_RAISER_R": 0.0
  },
  "rules_snapshot": {}
}