{
  "version": 1,
  "timestamp": "2026-03-30T17:37:38",
  "frame": 27,
  "label": "issue",
  "note": "Nose is far to long for how thin it is, eye rotation is still odd, likely need a harder eye rotation starting limit. I have yet to see a face where it looks good.",
  "chaos_joints": {
    "JawBind": {
      "location": [
        0.0,
        0.0,
        0.0
      ],
      "rotation_quaternion": [
        1.0,
        0.0,
        0.0,
        0.0
      ],
      "scale": [
        0.983242928981781,
        0.9517831802368164,
        1.0
      ]
    },
    "MouthBind": {
      "location": [
        0.0,
        0.0,
        0.0
      ],
      "rotation_quaternion": [
        1.0,
        0.0,
        0.0,
        0.0
      ],
      "scale": [
        0.8143492341041565,
        1.315518856048584,
        1.0
      ]
    },
    "MouthInnerBind": {
      "location": [
        0.0,
        0.00010098060010932386,
        0.0
      ],
      "rotation_quaternion": [
        1.0,
        0.0,
        0.0,
        0.0
      ],
      "scale": [
        0.9042692184448242,
        1.0332483053207397,
        1.0
      ]
    },
    "NoseBind": {
      "location": [
        0.0,
        0.00402505649253726,
        0.0
      ],
      "rotation_quaternion": [
        0.9990444779396057,
        0.0437048003077507,
        0.0,
        0.0
      ],
      "scale": [
        0.8020729422569275,
        1.1918467283248901,
        1.0923142433166504
      ]
    },
    "LeftBrowBind": {
      "location": [
        0.0006906837224960327,
        0.0,
        0.0
      ],
      "rotation_quaternion": [
        0.9989385604858398,
        0.042671769857406616,
        0.017329415306448936,
        -0.0007402625633403659
      ],
      "scale": [
        1.0828282833099365,
        0.9943828582763672,
        1.0
      ]
    },
    "RightBrowBind": {
      "location": [
        -0.0006906837224960327,
        0.0,
        0.0
      ],
      "rotation_quaternion": [
        0.9989385604858398,
        0.042671769857406616,
        -0.017329415306448936,
        0.0007402625633403659
      ],
      "scale": [
        1.0828282833099365,
        0.9943828582763672,
        1.0
      ]
    },
    "RightEyeSocketBind": {
      "location": [
        -0.0010029103141278028,
        0.0037250532768666744,
        0.0
      ],
      "rotation_quaternion": [
        0.9992931485176086,
        0.0,
        0.0,
        0.03759336471557617
      ],
      "scale": [
        1.0719858407974243,
        0.9781774282455444,
        1.0
      ]
    },
    "LeftEyeSocketBind": {
      "location": [
        0.0010029103141278028,
        0.0037250532768666744,
        0.0
      ],
      "rotation_quaternion": [
        0.9992931485176086,
        0.0,
        0.0,
        -0.03759336471557617
      ],
      "scale": [
        1.0719858407974243,
        0.9781774282455444,
        1.0
      ]
    },
    "FaceBind": {
      "location": [
        0.0,
        -0.00335733313113451,
        0.0013212113408371806
      ],
      "rotation_quaternion": [
        1.0,
        0.0,
        0.0,
        0.0
      ],
      "scale": [
        0.9842689633369446,
        0.9964216351509094,
        0.9975848197937012
      ]
    },
    "NeckBind": {
      "location": [
        0.0,
        0.0,
        0.0
      ],
      "rotation_quaternion": [
        1.0,
        0.0,
        0.0,
        0.0
      ],
      "scale": [
        0.9655382037162781,
        1.0,
        0.9081676602363586
      ]
    }
  },
  "variation_shapes": {
    "eyes_female_varGp01A": 0.0,
    "eyes_female_varGp01B": 0.0,
    "eyes_female_varGp01C": 0.0,
    "eyes_female_varGp01E": 0.0,
    "eyes_female_varGp01G": 0.0,
    "eyes_female_varGp01I": 0.0,
    "eyes_male_varGp01D": 0.0,
    "eyes_male_varGp01F": 0.0,
    "eyes_male_varGp01H": 0.0,
    "eyes_male_varGp01J": 1.0,
    "eyes_male_varGp01K": 0.0,
    "eyes_male_varGp01L": 0.0,
    "jaw_female_varGp01A": 0.8619524240493774,
    "jaw_female_varGp01B": 0.0,
    "jaw_female_varGp01D": 0.0,
    "jaw_female_varGp01F": 0.0,
    "jaw_female_varGp01H": 0.0,
    "jaw_female_varGp01K": 0.0,
    "jaw_male_varGp01A": 0.0,
    "jaw_male_varGp01D": 0.0,
    "jaw_male_varGp01E": 0.0,
    "jaw_male_varGp01H": 0.0,
    "jaw_male_varGp01K": 0.0,
    "jaw_male_varGp01L": 0.13804754614830017,
    "lips_female_varGp01C": 0.3496076464653015,
    "lips_female_varGp01D": 0.0,
    "lips_female_varGp01E": 0.2736661732196808,
    "lips_female_varGp01F": 0.0,
    "lips_female_varGp01I": 0.0,
    "lips_female_varGp01J": 0.0,
    "lips_male_varGp01D": 0.0,
    "lips_male_varGp01F": 0.0,
    "lips_male_varGp01G": 0.3148879408836365,
    "lips_male_varGp01H": 0.061838243156671524,
    "lips_male_varGp01I": 0.0,
    "lips_male_varGp01K": 0.0,
    "nose_female_varGp01A": 0.0,
    "nose_female_varGp01C": 0.0,
    "nose_female_varGp01D": 0.0,
    "nose_female_varGp01F": 0.0,
    "nose_female_varGp01H": 0.36281001567840576,
    "nose_female_varGp01K": 0.3812471628189087,
    "nose_male_varGp01A": 0.0,
    "nose_male_varGp01D": 0.0,
    "nose_male_varGp01E": 0.0,
    "nose_male_varGp01G": 0.25594279170036316,
    "nose_male_varGp01I": 0.0,
    "nose_male_varGp01K": 0.0
  },
  "expression_shapes": {
    "BROW_LOWERER_L": 0.0,
    "BROW_LOWERER_R": 0.0,
    "CHEEK_PUFF_L": 0.21347415447235107,
    "CHEEK_PUFF_R": 0.21347415447235107,
    "CHEEK_RAISER_L": 0.0,
    "CHEEK_RAISER_R": 0.0,
    "CHEEK_SUCK_L": 0.0,
    "CHEEK_SUCK_R": 0.0,
    "CHIN_DEPRESSOR_B": 0.0,
    "CHIN_RAISER_B": 0.0,
    "CHIN_RAISER_T": 0.0,
    "DIMPLER_L": 0.0,
    "DIMPLER_R": 0.0,
    "EYES_CLOSED_L": 0.0,
    "EYES_CLOSED_R": 0.0,
    "EYES_LOOK_DOWN_L": 0.0,
    "EYES_LOOK_DOWN_R": 0.0,
    "EYES_LOOK_LEFT_L": 0.0,
    "EYES_LOOK_LEFT_R": 0.0,
    "EYES_LOOK_RIGHT_L": 0.0,
    "EYES_LOOK_RIGHT_R": 0.0,
    "EYES_LOOK_UP_L": 0.0,
    "EYES_LOOK_UP_R": 0.0,
    "INNER_BROW_CONTRACTOR_L": 0.0,
    "INNER_BROW_CONTRACTOR_R": 0.0,
    "INNER_BROW_RAISER_L": 0.0,
    "INNER_BROW_RAISER_R": 0.0,
    "JAW_COMPRESSOR": 0.0,
    "JAW_DROP": 0.0,
    "JAW_RETREAT": 0.0,
    "JAW_SIDEWAYS_LEFT": 0.0,
    "JAW_SIDEWAYS_RIGHT": 0.0,
    "JAW_THRUST": 0.0,
    "LID_TIGHTENER_L": 0.0,
    "LID_TIGHTENER_R": 0.0,
    "LIPS_TOWARD": 0.0,
    "LIP_CORNER_DEPRESSOR_L": 0.0,
    "LIP_CORNER_DEPRESSOR_R": 0.0,
    "LIP_CORNER_PULLER_L": 0.0,
    "LIP_CORNER_PULLER_R": 0.0,
    "LIP_FUNNELER_LB": 0.0,
    "LIP_FUNNELER_LT": 0.0,
    "LIP_FUNNELER_RB": 0.0,
    "LIP_FUNNELER_RT": 0.0,
    "LIP_PRESSOR_L": 0.0,
    "LIP_PRESSOR_R": 0.0,
    "LIP_PUCKER_L": 0.0,
    "LIP_PUCKER_R": 0.0,
    "LIP_STRETCHER_L": 0.0,
    "LIP_STRETCHER_R": 0.0,
    "LIP_SUCK_LB": 0.0,
    "LIP_SUCK_LT": 0.0,
    "LIP_SUCK_RB": 0.0,
    "LIP_SUCK_RT": 0.0,
    "LIP_TIGHTENER_L": 0.0,
    "LIP_TIGHTENER_R": 0.0,
    "LOWER_LIP_DEPRESSOR_L": 0.0,
    "LOWER_LIP_DEPRESSOR_R": 0.0,
    "MOUTH_LEFT": 0.0,
    "MOUTH_LOWERER": 0.0,
    "MOUTH_RAISER": 0.0,
    "MOUTH_RIGHT": 0.0,
    "NOSE_WRINKLER_L": 0.0,
    "NOSE_WRINKLER_R": 0.0,
    "OUTER_BROW_RAISER_L": 0.0,
    "OUTER_BROW_RAISER_R": 0.0,
    "UPPER_LID_RAISER_L": 0.0,
    "UPPER_LID_RAISER_R": 0.0,
    "UPPER_LIP_RAISER_L": 0.0,
    "UPPER_LIP_RAISER_R": 0.0
  },
  "rules_snapshot": {}
}