{
  "version": 1,
  "timestamp": "2026-03-30T17:45:10",
  "frame": 43,
  "label": "issue",
  "note": "Nose to long and to upturned",
  "chaos_joints": {
    "JawBind": {
      "location": [
        0.0,
        0.0,
        0.0
      ],
      "rotation_quaternion": [
        1.0,
        0.0,
        0.0,
        0.0
      ],
      "scale": [
        0.9052034020423889,
        1.04771089553833,
        1.0
      ]
    },
    "MouthBind": {
      "location": [
        0.0,
        0.0,
        0.0
      ],
      "rotation_quaternion": [
        1.0,
        0.0,
        0.0,
        0.0
      ],
      "scale": [
        1.0814013481140137,
        1.2931339740753174,
        1.0
      ]
    },
    "MouthInnerBind": {
      "location": [
        0.0,
        0.00045999931171536446,
        0.0
      ],
      "rotation_quaternion": [
        1.0,
        0.0,
        0.0,
        0.0
      ],
      "scale": [
        1.0065994262695312,
        0.963338315486908,
        1.0
      ]
    },
    "NoseBind": {
      "location": [
        0.0,
        0.0023224279284477234,
        0.0
      ],
      "rotation_quaternion": [
        0.9962843656539917,
        -0.08612491190433502,
        0.0,
        0.0
      ],
      "scale": [
        1.1489404439926147,
        0.9871593117713928,
        1.1914554834365845
      ]
    },
    "LeftBrowBind": {
      "location": [
        -0.00041118814260698855,
        0.0,
        0.0
      ],
      "rotation_quaternion": [
        0.9996234178543091,
        -0.025268131867051125,
        0.010699604637920856,
        0.00027046084869652987
      ],
      "scale": [
        1.0397164821624756,
        0.8115078210830688,
        1.0
      ]
    },
    "RightBrowBind": {
      "location": [
        0.00041118814260698855,
        0.0,
        0.0
      ],
      "rotation_quaternion": [
        0.9996234178543091,
        -0.025268131867051125,
        -0.010699604637920856,
        -0.00027046084869652987
      ],
      "scale": [
        1.0397164821624756,
        0.8115078210830688,
        1.0
      ]
    },
    "RightEyeSocketBind": {
      "location": [
        -0.0024488598573952913,
        -0.002505943179130554,
        0.0
      ],
      "rotation_quaternion": [
        0.9998539686203003,
        0.0,
        0.0,
        0.017089271917939186
      ],
      "scale": [
        0.9193310141563416,
        0.9460912942886353,
        1.0
      ]
    },
    "LeftEyeSocketBind": {
      "location": [
        0.0024488598573952913,
        -0.002505943179130554,
        0.0
      ],
      "rotation_quaternion": [
        0.9998539686203003,
        0.0,
        0.0,
        -0.017089271917939186
      ],
      "scale": [
        0.9193310141563416,
        0.9460912942886353,
        1.0
      ]
    },
    "FaceBind": {
      "location": [
        0.0,
        -0.0024526286870241165,
        0.001754590542986989
      ],
      "rotation_quaternion": [
        1.0,
        0.0,
        0.0,
        0.0
      ],
      "scale": [
        0.9819237589836121,
        0.998456597328186,
        1.0018305778503418
      ]
    },
    "NeckBind": {
      "location": [
        0.0,
        0.0,
        0.0
      ],
      "rotation_quaternion": [
        1.0,
        0.0,
        0.0,
        0.0
      ],
      "scale": [
        1.047218918800354,
        1.0,
        1.0524537563323975
      ]
    }
  },
  "variation_shapes": {
    "eyes_female_varGp01A": 0.2817468047142029,
    "eyes_female_varGp01B": 0.0,
    "eyes_female_varGp01C": 0.2228970229625702,
    "eyes_female_varGp01E": 0.0,
    "eyes_female_varGp01G": 0.0,
    "eyes_female_varGp01I": 0.0,
    "eyes_male_varGp01D": 0.0,
    "eyes_male_varGp01F": 0.0,
    "eyes_male_varGp01H": 0.0,
    "eyes_male_varGp01J": 0.2583155035972595,
    "eyes_male_varGp01K": 0.0,
    "eyes_male_varGp01L": 0.2370406836271286,
    "jaw_female_varGp01A": 0.07736486196517944,
    "jaw_female_varGp01B": 0.12117978930473328,
    "jaw_female_varGp01D": 0.0,
    "jaw_female_varGp01F": 0.0,
    "jaw_female_varGp01H": 0.41882506012916565,
    "jaw_female_varGp01K": 0.38263028860092163,
    "jaw_male_varGp01A": 0.0,
    "jaw_male_varGp01D": 0.0,
    "jaw_male_varGp01E": 0.0,
    "jaw_male_varGp01H": 0.0,
    "jaw_male_varGp01K": 0.0,
    "jaw_male_varGp01L": 0.0,
    "lips_female_varGp01C": 0.09658154100179672,
    "lips_female_varGp01D": 0.3619401752948761,
    "lips_female_varGp01E": 0.0,
    "lips_female_varGp01F": 0.0,
    "lips_female_varGp01I": 0.0590941347181797,
    "lips_female_varGp01J": 0.0,
    "lips_male_varGp01D": 0.0,
    "lips_male_varGp01F": 0.0,
    "lips_male_varGp01G": 0.0,
    "lips_male_varGp01H": 0.4823841452598572,
    "lips_male_varGp01I": 0.0,
    "lips_male_varGp01K": 0.0,
    "nose_female_varGp01A": 0.0,
    "nose_female_varGp01C": 0.0,
    "nose_female_varGp01D": 0.0,
    "nose_female_varGp01F": 0.0,
    "nose_female_varGp01H": 0.0,
    "nose_female_varGp01K": 0.0,
    "nose_male_varGp01A": 1.0,
    "nose_male_varGp01D": 0.0,
    "nose_male_varGp01E": 0.0,
    "nose_male_varGp01G": 0.0,
    "nose_male_varGp01I": 0.0,
    "nose_male_varGp01K": 0.0
  },
  "expression_shapes": {
    "BROW_LOWERER_L": 0.0,
    "BROW_LOWERER_R": 0.0,
    "CHEEK_PUFF_L": 0.08273974061012268,
    "CHEEK_PUFF_R": 0.08273974061012268,
    "CHEEK_RAISER_L": 0.0,
    "CHEEK_RAISER_R": 0.0,
    "CHEEK_SUCK_L": 0.0,
    "CHEEK_SUCK_R": 0.0,
    "CHIN_DEPRESSOR_B": 0.0,
    "CHIN_RAISER_B": 0.0,
    "CHIN_RAISER_T": 0.0,
    "DIMPLER_L": 0.0,
    "DIMPLER_R": 0.0,
    "EYES_CLOSED_L": 0.0,
    "EYES_CLOSED_R": 0.0,
    "EYES_LOOK_DOWN_L": 0.0,
    "EYES_LOOK_DOWN_R": 0.0,
    "EYES_LOOK_LEFT_L": 0.0,
    "EYES_LOOK_LEFT_R": 0.0,
    "EYES_LOOK_RIGHT_L": 0.0,
    "EYES_LOOK_RIGHT_R": 0.0,
    "EYES_LOOK_UP_L": 0.0,
    "EYES_LOOK_UP_R": 0.0,
    "INNER_BROW_CONTRACTOR_L": 0.0,
    "INNER_BROW_CONTRACTOR_R": 0.0,
    "INNER_BROW_RAISER_L": 0.0,
    "INNER_BROW_RAISER_R": 0.0,
    "JAW_COMPRESSOR": 0.0,
    "JAW_DROP": 0.0,
    "JAW_RETREAT": 0.0,
    "JAW_SIDEWAYS_LEFT": 0.0,
    "JAW_SIDEWAYS_RIGHT": 0.0,
    "JAW_THRUST": 0.0,
    "LID_TIGHTENER_L": 0.0,
    "LID_TIGHTENER_R": 0.0,
    "LIPS_TOWARD": 0.0,
    "LIP_CORNER_DEPRESSOR_L": 0.0,
    "LIP_CORNER_DEPRESSOR_R": 0.0,
    "LIP_CORNER_PULLER_L": 0.0,
    "LIP_CORNER_PULLER_R": 0.0,
    "LIP_FUNNELER_LB": 0.0,
    "LIP_FUNNELER_LT": 0.0,
    "LIP_FUNNELER_RB": 0.0,
    "LIP_FUNNELER_RT": 0.0,
    "LIP_PRESSOR_L": 0.0,
    "LIP_PRESSOR_R": 0.0,
    "LIP_PUCKER_L": 0.0,
    "LIP_PUCKER_R": 0.0,
    "LIP_STRETCHER_L": 0.0,
    "LIP_STRETCHER_R": 0.0,
    "LIP_SUCK_LB": 0.0,
    "LIP_SUCK_LT": 0.0,
    "LIP_SUCK_RB": 0.0,
    "LIP_SUCK_RT": 0.0,
    "LIP_TIGHTENER_L": 0.0,
    "LIP_TIGHTENER_R": 0.0,
    "LOWER_LIP_DEPRESSOR_L": 0.0,
    "LOWER_LIP_DEPRESSOR_R": 0.0,
    "MOUTH_LEFT": 0.0,
    "MOUTH_LOWERER": 0.0,
    "MOUTH_RAISER": 0.0,
    "MOUTH_RIGHT": 0.0,
    "NOSE_WRINKLER_L": 0.0,
    "NOSE_WRINKLER_R": 0.0,
    "OUTER_BROW_RAISER_L": 0.0,
    "OUTER_BROW_RAISER_R": 0.0,
    "UPPER_LID_RAISER_L": 0.0,
    "UPPER_LID_RAISER_R": 0.0,
    "UPPER_LIP_RAISER_L": 0.0,
    "UPPER_LIP_RAISER_R": 0.0
  },
  "rules_snapshot": {}
}