{
  "version": 1,
  "timestamp": "2026-03-30T17:32:50",
  "frame": 19,
  "label": "issue",
  "note": "I feel like with the length of the chin the mouth should be a little lower, eyes feel a bit off, likley rotation,  could be worse, this would probably pass but its not great",
  "chaos_joints": {
    "JawBind": {
      "location": [
        0.0,
        0.0,
        0.0
      ],
      "rotation_quaternion": [
        1.0,
        0.0,
        0.0,
        0.0
      ],
      "scale": [
        1.0564601421356201,
        1.0497517585754395,
        1.0
      ]
    },
    "MouthBind": {
      "location": [
        0.0,
        0.0,
        0.0
      ],
      "rotation_quaternion": [
        1.0,
        0.0,
        0.0,
        0.0
      ],
      "scale": [
        1.043264627456665,
        1.2216414213180542,
        1.0
      ]
    },
    "MouthInnerBind": {
      "location": [
        0.0,
        -0.00040905323112383485,
        0.0
      ],
      "rotation_quaternion": [
        1.0,
        0.0,
        0.0,
        0.0
      ],
      "scale": [
        0.9539339542388916,
        0.9287890195846558,
        1.0
      ]
    },
    "NoseBind": {
      "location": [
        0.0,
        -0.004162836819887161,
        0.0
      ],
      "rotation_quaternion": [
        0.9978348612785339,
        -0.06576915085315704,
        0.0,
        0.0
      ],
      "scale": [
        0.7501623034477234,
        1.1771786212921143,
        0.87376868724823
      ]
    },
    "LeftBrowBind": {
      "location": [
        -0.00014534273941535503,
        0.0,
        0.0
      ],
      "rotation_quaternion": [
        0.9992666840553284,
        -0.03801807388663292,
        0.0045492504723370075,
        0.0001730806689010933
      ],
      "scale": [
        0.9743227958679199,
        1.0406053066253662,
        1.0
      ]
    },
    "RightBrowBind": {
      "location": [
        0.00014534273941535503,
        0.0,
        0.0
      ],
      "rotation_quaternion": [
        0.9992666840553284,
        -0.03801807388663292,
        -0.0045492504723370075,
        -0.0001730806689010933
      ],
      "scale": [
        0.9743227958679199,
        1.0406053066253662,
        1.0
      ]
    },
    "RightEyeSocketBind": {
      "location": [
        0.0005133633967489004,
        -1.0626225957821589e-05,
        0.0
      ],
      "rotation_quaternion": [
        0.9983687996864319,
        0.0,
        0.0,
        0.05709454417228699
      ],
      "scale": [
        0.9126095175743103,
        0.9080905914306641,
        1.0
      ]
    },
    "LeftEyeSocketBind": {
      "location": [
        -0.0005133633967489004,
        -1.0626225957821589e-05,
        0.0
      ],
      "rotation_quaternion": [
        0.9983687996864319,
        0.0,
        0.0,
        -0.05709454417228699
      ],
      "scale": [
        0.9126095175743103,
        0.9080905914306641,
        1.0
      ]
    },
    "FaceBind": {
      "location": [
        0.0,
        -0.004765981808304787,
        0.0013394857523962855
      ],
      "rotation_quaternion": [
        1.0,
        0.0,
        0.0,
        0.0
      ],
      "scale": [
        0.9991479516029358,
        0.9992357492446899,
        1.0057733058929443
      ]
    },
    "NeckBind": {
      "location": [
        0.0,
        0.0,
        0.0
      ],
      "rotation_quaternion": [
        1.0,
        0.0,
        0.0,
        0.0
      ],
      "scale": [
        1.037522315979004,
        1.0,
        0.9592389464378357
      ]
    }
  },
  "variation_shapes": {
    "eyes_female_varGp01A": 0.0,
    "eyes_female_varGp01B": 0.0,
    "eyes_female_varGp01C": 0.0,
    "eyes_female_varGp01E": 0.0,
    "eyes_female_varGp01G": 0.5157037377357483,
    "eyes_female_varGp01I": 0.4842962622642517,
    "eyes_male_varGp01D": 0.0,
    "eyes_male_varGp01F": 0.0,
    "eyes_male_varGp01H": 0.0,
    "eyes_male_varGp01J": 0.0,
    "eyes_male_varGp01K": 0.0,
    "eyes_male_varGp01L": 0.0,
    "jaw_female_varGp01A": 0.0,
    "jaw_female_varGp01B": 0.0,
    "jaw_female_varGp01D": 0.0,
    "jaw_female_varGp01F": 0.0,
    "jaw_female_varGp01H": 0.0,
    "jaw_female_varGp01K": 0.0,
    "jaw_male_varGp01A": 0.0,
    "jaw_male_varGp01D": 0.0,
    "jaw_male_varGp01E": 0.0,
    "jaw_male_varGp01H": 0.0,
    "jaw_male_varGp01K": 0.0,
    "jaw_male_varGp01L": 1.0,
    "lips_female_varGp01C": 0.0,
    "lips_female_varGp01D": 0.0,
    "lips_female_varGp01E": 0.0,
    "lips_female_varGp01F": 0.0,
    "lips_female_varGp01I": 1.0,
    "lips_female_varGp01J": 0.0,
    "lips_male_varGp01D": 0.0,
    "lips_male_varGp01F": 0.0,
    "lips_male_varGp01G": 0.0,
    "lips_male_varGp01H": 0.0,
    "lips_male_varGp01I": 0.0,
    "lips_male_varGp01K": 0.0,
    "nose_female_varGp01A": 0.5094168782234192,
    "nose_female_varGp01C": 0.0,
    "nose_female_varGp01D": 0.0,
    "nose_female_varGp01F": 0.24814368784427643,
    "nose_female_varGp01H": 0.0,
    "nose_female_varGp01K": 0.0,
    "nose_male_varGp01A": 0.0,
    "nose_male_varGp01D": 0.2424394190311432,
    "nose_male_varGp01E": 0.0,
    "nose_male_varGp01G": 0.0,
    "nose_male_varGp01I": 0.0,
    "nose_male_varGp01K": 0.0
  },
  "expression_shapes": {
    "BROW_LOWERER_L": 0.0,
    "BROW_LOWERER_R": 0.0,
    "CHEEK_PUFF_L": 0.20069478452205658,
    "CHEEK_PUFF_R": 0.20069478452205658,
    "CHEEK_RAISER_L": 0.0,
    "CHEEK_RAISER_R": 0.0,
    "CHEEK_SUCK_L": 0.0,
    "CHEEK_SUCK_R": 0.0,
    "CHIN_DEPRESSOR_B": 0.0,
    "CHIN_RAISER_B": 0.0,
    "CHIN_RAISER_T": 0.0,
    "DIMPLER_L": 0.0,
    "DIMPLER_R": 0.0,
    "EYES_CLOSED_L": 0.0,
    "EYES_CLOSED_R": 0.0,
    "EYES_LOOK_DOWN_L": 0.0,
    "EYES_LOOK_DOWN_R": 0.0,
    "EYES_LOOK_LEFT_L": 0.0,
    "EYES_LOOK_LEFT_R": 0.0,
    "EYES_LOOK_RIGHT_L": 0.0,
    "EYES_LOOK_RIGHT_R": 0.0,
    "EYES_LOOK_UP_L": 0.0,
    "EYES_LOOK_UP_R": 0.0,
    "INNER_BROW_CONTRACTOR_L": 0.0,
    "INNER_BROW_CONTRACTOR_R": 0.0,
    "INNER_BROW_RAISER_L": 0.0,
    "INNER_BROW_RAISER_R": 0.0,
    "JAW_COMPRESSOR": 0.0,
    "JAW_DROP": 0.0,
    "JAW_RETREAT": 0.0,
    "JAW_SIDEWAYS_LEFT": 0.0,
    "JAW_SIDEWAYS_RIGHT": 0.0,
    "JAW_THRUST": 0.0,
    "LID_TIGHTENER_L": 0.0,
    "LID_TIGHTENER_R": 0.0,
    "LIPS_TOWARD": 0.0,
    "LIP_CORNER_DEPRESSOR_L": 0.0,
    "LIP_CORNER_DEPRESSOR_R": 0.0,
    "LIP_CORNER_PULLER_L": 0.0,
    "LIP_CORNER_PULLER_R": 0.0,
    "LIP_FUNNELER_LB": 0.0,
    "LIP_FUNNELER_LT": 0.0,
    "LIP_FUNNELER_RB": 0.0,
    "LIP_FUNNELER_RT": 0.0,
    "LIP_PRESSOR_L": 0.0,
    "LIP_PRESSOR_R": 0.0,
    "LIP_PUCKER_L": 0.0,
    "LIP_PUCKER_R": 0.0,
    "LIP_STRETCHER_L": 0.0,
    "LIP_STRETCHER_R": 0.0,
    "LIP_SUCK_LB": 0.0,
    "LIP_SUCK_LT": 0.0,
    "LIP_SUCK_RB": 0.0,
    "LIP_SUCK_RT": 0.0,
    "LIP_TIGHTENER_L": 0.0,
    "LIP_TIGHTENER_R": 0.0,
    "LOWER_LIP_DEPRESSOR_L": 0.0,
    "LOWER_LIP_DEPRESSOR_R": 0.0,
    "MOUTH_LEFT": 0.0,
    "MOUTH_LOWERER": 0.0,
    "MOUTH_RAISER": 0.0,
    "MOUTH_RIGHT": 0.0,
    "NOSE_WRINKLER_L": 0.0,
    "NOSE_WRINKLER_R": 0.0,
    "OUTER_BROW_RAISER_L": 0.0,
    "OUTER_BROW_RAISER_R": 0.0,
    "UPPER_LID_RAISER_L": 0.0,
    "UPPER_LID_RAISER_R": 0.0,
    "UPPER_LIP_RAISER_L": 0.0,
    "UPPER_LIP_RAISER_R": 0.0
  },
  "rules_snapshot": {}
}