{
  "version": 1,
  "timestamp": "2026-03-30T17:59:55",
  "frame": 72,
  "label": "issue",
  "note": "This is a weird one, the eyes and feminin lips feel like they could work, but the nose being so thin and upturned gives the whole face an \"I had a lot of work done\" feel",
  "chaos_joints": {
    "JawBind": {
      "location": [
        0.0,
        0.0,
        0.0
      ],
      "rotation_quaternion": [
        1.0,
        0.0,
        0.0,
        0.0
      ],
      "scale": [
        1.0486454963684082,
        1.0004100799560547,
        1.0
      ]
    },
    "MouthBind": {
      "location": [
        0.0,
        0.0,
        0.0
      ],
      "rotation_quaternion": [
        1.0,
        0.0,
        0.0,
        0.0
      ],
      "scale": [
        1.1408048868179321,
        1.342193365097046,
        1.0
      ]
    },
    "MouthInnerBind": {
      "location": [
        0.0,
        0.002445202087983489,
        0.0
      ],
      "rotation_quaternion": [
        1.0,
        0.0,
        0.0,
        0.0
      ],
      "scale": [
        0.9104929566383362,
        0.9992486238479614,
        1.0
      ]
    },
    "NoseBind": {
      "location": [
        0.0,
        -0.002832272555679083,
        0.0
      ],
      "rotation_quaternion": [
        0.9977583885192871,
        0.06691943109035492,
        0.0,
        0.0
      ],
      "scale": [
        0.8593793511390686,
        1.23355233669281,
        0.907396674156189
      ]
    },
    "LeftBrowBind": {
      "location": [
        0.0005326628452166915,
        0.0,
        0.0
      ],
      "rotation_quaternion": [
        0.9995565414428711,
        0.02167263627052307,
        0.02041754685342312,
        -0.0004426984232850373
      ],
      "scale": [
        0.9682172536849976,
        0.8211885094642639,
        1.0
      ]
    },
    "RightBrowBind": {
      "location": [
        -0.0005326628452166915,
        0.0,
        0.0
      ],
      "rotation_quaternion": [
        0.9995565414428711,
        0.02167263627052307,
        -0.02041754685342312,
        0.0004426984232850373
      ],
      "scale": [
        0.9682172536849976,
        0.8211885094642639,
        1.0
      ]
    },
    "RightEyeSocketBind": {
      "location": [
        0.0023030859883874655,
        0.002287734067067504,
        0.0
      ],
      "rotation_quaternion": [
        0.9999950528144836,
        0.0,
        0.0,
        0.0031520009506493807
      ],
      "scale": [
        1.016974925994873,
        1.0888299942016602,
        1.0
      ]
    },
    "LeftEyeSocketBind": {
      "location": [
        -0.0023030859883874655,
        0.002287734067067504,
        0.0
      ],
      "rotation_quaternion": [
        0.9999950528144836,
        0.0,
        0.0,
        -0.0031520009506493807
      ],
      "scale": [
        1.016974925994873,
        1.0888299942016602,
        1.0
      ]
    },
    "FaceBind": {
      "location": [
        0.0,
        0.0037355630192905664,
        -0.0035404348745942116
      ],
      "rotation_quaternion": [
        1.0,
        0.0,
        0.0,
        0.0
      ],
      "scale": [
        1.00430428981781,
        1.018986701965332,
        0.9972753524780273
      ]
    },
    "NeckBind": {
      "location": [
        0.0,
        0.0,
        0.0
      ],
      "rotation_quaternion": [
        1.0,
        0.0,
        0.0,
        0.0
      ],
      "scale": [
        0.817504346370697,
        1.0,
        0.9427609443664551
      ]
    }
  },
  "variation_shapes": {
    "eyes_female_varGp01A": 0.0,
    "eyes_female_varGp01B": 0.0,
    "eyes_female_varGp01C": 0.0,
    "eyes_female_varGp01E": 0.0,
    "eyes_female_varGp01G": 1.0,
    "eyes_female_varGp01I": 0.0,
    "eyes_male_varGp01D": 0.0,
    "eyes_male_varGp01F": 0.0,
    "eyes_male_varGp01H": 0.0,
    "eyes_male_varGp01J": 0.0,
    "eyes_male_varGp01K": 0.0,
    "eyes_male_varGp01L": 0.0,
    "jaw_female_varGp01A": 0.0,
    "jaw_female_varGp01B": 0.0,
    "jaw_female_varGp01D": 0.0,
    "jaw_female_varGp01F": 0.0,
    "jaw_female_varGp01H": 0.0,
    "jaw_female_varGp01K": 0.0,
    "jaw_male_varGp01A": 0.27073919773101807,
    "jaw_male_varGp01D": 0.0,
    "jaw_male_varGp01E": 0.38357242941856384,
    "jaw_male_varGp01H": 0.3456883728504181,
    "jaw_male_varGp01K": 0.0,
    "jaw_male_varGp01L": 0.0,
    "lips_female_varGp01C": 0.24511757493019104,
    "lips_female_varGp01D": 0.0,
    "lips_female_varGp01E": 0.0,
    "lips_female_varGp01F": 0.0,
    "lips_female_varGp01I": 0.0,
    "lips_female_varGp01J": 0.0,
    "lips_male_varGp01D": 0.0,
    "lips_male_varGp01F": 0.1901012510061264,
    "lips_male_varGp01G": 0.2824772894382477,
    "lips_male_varGp01H": 0.0,
    "lips_male_varGp01I": 0.2823038697242737,
    "lips_male_varGp01K": 0.0,
    "nose_female_varGp01A": 0.0,
    "nose_female_varGp01C": 0.0,
    "nose_female_varGp01D": 0.0,
    "nose_female_varGp01F": 0.0,
    "nose_female_varGp01H": 0.0,
    "nose_female_varGp01K": 1.0,
    "nose_male_varGp01A": 0.0,
    "nose_male_varGp01D": 0.0,
    "nose_male_varGp01E": 0.0,
    "nose_male_varGp01G": 0.0,
    "nose_male_varGp01I": 0.0,
    "nose_male_varGp01K": 0.0
  },
  "expression_shapes": {
    "BROW_LOWERER_L": 0.0,
    "BROW_LOWERER_R": 0.0,
    "CHEEK_PUFF_L": 0.016151772812008858,
    "CHEEK_PUFF_R": 0.016151772812008858,
    "CHEEK_RAISER_L": 0.0,
    "CHEEK_RAISER_R": 0.0,
    "CHEEK_SUCK_L": 0.0,
    "CHEEK_SUCK_R": 0.0,
    "CHIN_DEPRESSOR_B": 0.0,
    "CHIN_RAISER_B": 0.0,
    "CHIN_RAISER_T": 0.0,
    "DIMPLER_L": 0.0,
    "DIMPLER_R": 0.0,
    "EYES_CLOSED_L": 0.0,
    "EYES_CLOSED_R": 0.0,
    "EYES_LOOK_DOWN_L": 0.0,
    "EYES_LOOK_DOWN_R": 0.0,
    "EYES_LOOK_LEFT_L": 0.0,
    "EYES_LOOK_LEFT_R": 0.0,
    "EYES_LOOK_RIGHT_L": 0.0,
    "EYES_LOOK_RIGHT_R": 0.0,
    "EYES_LOOK_UP_L": 0.0,
    "EYES_LOOK_UP_R": 0.0,
    "INNER_BROW_CONTRACTOR_L": 0.0,
    "INNER_BROW_CONTRACTOR_R": 0.0,
    "INNER_BROW_RAISER_L": 0.0,
    "INNER_BROW_RAISER_R": 0.0,
    "JAW_COMPRESSOR": 0.0,
    "JAW_DROP": 0.0,
    "JAW_RETREAT": 0.0,
    "JAW_SIDEWAYS_LEFT": 0.0,
    "JAW_SIDEWAYS_RIGHT": 0.0,
    "JAW_THRUST": 0.0,
    "LID_TIGHTENER_L": 0.0,
    "LID_TIGHTENER_R": 0.0,
    "LIPS_TOWARD": 0.0,
    "LIP_CORNER_DEPRESSOR_L": 0.0,
    "LIP_CORNER_DEPRESSOR_R": 0.0,
    "LIP_CORNER_PULLER_L": 0.0,
    "LIP_CORNER_PULLER_R": 0.0,
    "LIP_FUNNELER_LB": 0.0,
    "LIP_FUNNELER_LT": 0.0,
    "LIP_FUNNELER_RB": 0.0,
    "LIP_FUNNELER_RT": 0.0,
    "LIP_PRESSOR_L": 0.0,
    "LIP_PRESSOR_R": 0.0,
    "LIP_PUCKER_L": 0.0,
    "LIP_PUCKER_R": 0.0,
    "LIP_STRETCHER_L": 0.0,
    "LIP_STRETCHER_R": 0.0,
    "LIP_SUCK_LB": 0.0,
    "LIP_SUCK_LT": 0.0,
    "LIP_SUCK_RB": 0.0,
    "LIP_SUCK_RT": 0.0,
    "LIP_TIGHTENER_L": 0.0,
    "LIP_TIGHTENER_R": 0.0,
    "LOWER_LIP_DEPRESSOR_L": 0.0,
    "LOWER_LIP_DEPRESSOR_R": 0.0,
    "MOUTH_LEFT": 0.0,
    "MOUTH_LOWERER": 0.0,
    "MOUTH_RAISER": 0.0,
    "MOUTH_RIGHT": 0.0,
    "NOSE_WRINKLER_L": 0.0,
    "NOSE_WRINKLER_R": 0.0,
    "OUTER_BROW_RAISER_L": 0.0,
    "OUTER_BROW_RAISER_R": 0.0,
    "UPPER_LID_RAISER_L": 0.0,
    "UPPER_LID_RAISER_R": 0.0,
    "UPPER_LIP_RAISER_L": 0.0,
    "UPPER_LIP_RAISER_R": 0.0
  },
  "rules_snapshot": {}
}