{
  "version": 1,
  "timestamp": "2026-03-30T17:32:04",
  "frame": 18,
  "label": "issue",
  "note": "Nose is protruding forward and rotated down in an unnatractive way, otherwise face is ok",
  "chaos_joints": {
    "JawBind": {
      "location": [
        0.0,
        0.0,
        0.0
      ],
      "rotation_quaternion": [
        1.0,
        0.0,
        0.0,
        0.0
      ],
      "scale": [
        1.0008931159973145,
        0.9958379864692688,
        1.0
      ]
    },
    "MouthBind": {
      "location": [
        0.0,
        0.0,
        0.0
      ],
      "rotation_quaternion": [
        1.0,
        0.0,
        0.0,
        0.0
      ],
      "scale": [
        1.010229468345642,
        1.1658369302749634,
        1.0
      ]
    },
    "MouthInnerBind": {
      "location": [
        0.0,
        0.0006901838351041079,
        0.0
      ],
      "rotation_quaternion": [
        1.0,
        0.0,
        0.0,
        0.0
      ],
      "scale": [
        0.9303094744682312,
        1.000299096107483,
        1.0
      ]
    },
    "NoseBind": {
      "location": [
        0.0,
        0.003894554916769266,
        0.0
      ],
      "rotation_quaternion": [
        0.9972989559173584,
        0.0734495148062706,
        0.0,
        0.0
      ],
      "scale": [
        1.2815841436386108,
        0.7603128552436829,
        1.1770269870758057
      ]
    },
    "LeftBrowBind": {
      "location": [
        0.0009854546515271068,
        0.0,
        0.0
      ],
      "rotation_quaternion": [
        0.9998310804367065,
        -0.010029791854321957,
        -0.015401977114379406,
        -0.0001545047271065414
      ],
      "scale": [
        1.0157721042633057,
        0.7576709985733032,
        1.0
      ]
    },
    "RightBrowBind": {
      "location": [
        -0.0009854546515271068,
        0.0,
        0.0
      ],
      "rotation_quaternion": [
        0.9998310804367065,
        -0.010029791854321957,
        0.015401977114379406,
        0.0001545047271065414
      ],
      "scale": [
        1.0157721042633057,
        0.7576709985733032,
        1.0
      ]
    },
    "RightEyeSocketBind": {
      "location": [
        0.003610593266785145,
        0.004506233148276806,
        0.0
      ],
      "rotation_quaternion": [
        0.9995743036270142,
        0.0,
        0.0,
        0.029175395146012306
      ],
      "scale": [
        1.0025910139083862,
        1.0394608974456787,
        1.0
      ]
    },
    "LeftEyeSocketBind": {
      "location": [
        -0.003610593266785145,
        0.004506233148276806,
        0.0
      ],
      "rotation_quaternion": [
        0.9995743036270142,
        0.0,
        0.0,
        -0.029175395146012306
      ],
      "scale": [
        1.0025910139083862,
        1.0394608974456787,
        1.0
      ]
    },
    "FaceBind": {
      "location": [
        0.0,
        -0.00022000071476213634,
        0.004560266155749559
      ],
      "rotation_quaternion": [
        1.0,
        0.0,
        0.0,
        0.0
      ],
      "scale": [
        1.0134356021881104,
        1.0104111433029175,
        1.0180027484893799
      ]
    },
    "NeckBind": {
      "location": [
        0.0,
        0.0,
        0.0
      ],
      "rotation_quaternion": [
        1.0,
        0.0,
        0.0,
        0.0
      ],
      "scale": [
        0.9343770742416382,
        1.0,
        0.9292765259742737
      ]
    }
  },
  "variation_shapes": {
    "eyes_female_varGp01A": 0.34064701199531555,
    "eyes_female_varGp01B": 0.0,
    "eyes_female_varGp01C": 0.0,
    "eyes_female_varGp01E": 0.0,
    "eyes_female_varGp01G": 0.0,
    "eyes_female_varGp01I": 0.0,
    "eyes_male_varGp01D": 0.0,
    "eyes_male_varGp01F": 0.0,
    "eyes_male_varGp01H": 0.0,
    "eyes_male_varGp01J": 0.0,
    "eyes_male_varGp01K": 0.0,
    "eyes_male_varGp01L": 0.6593530178070068,
    "jaw_female_varGp01A": 0.0,
    "jaw_female_varGp01B": 0.0,
    "jaw_female_varGp01D": 0.0,
    "jaw_female_varGp01F": 0.0,
    "jaw_female_varGp01H": 0.36007261276245117,
    "jaw_female_varGp01K": 0.08190704882144928,
    "jaw_male_varGp01A": 0.3448159694671631,
    "jaw_male_varGp01D": 0.0,
    "jaw_male_varGp01E": 0.0,
    "jaw_male_varGp01H": 0.0,
    "jaw_male_varGp01K": 0.0,
    "jaw_male_varGp01L": 0.21320435404777527,
    "lips_female_varGp01C": 0.13681089878082275,
    "lips_female_varGp01D": 0.0,
    "lips_female_varGp01E": 0.32523879408836365,
    "lips_female_varGp01F": 0.0,
    "lips_female_varGp01I": 0.0,
    "lips_female_varGp01J": 0.0,
    "lips_male_varGp01D": 0.4686508774757385,
    "lips_male_varGp01F": 0.0,
    "lips_male_varGp01G": 0.0,
    "lips_male_varGp01H": 0.06929939985275269,
    "lips_male_varGp01I": 0.0,
    "lips_male_varGp01K": 0.0,
    "nose_female_varGp01A": 0.0,
    "nose_female_varGp01C": 0.0,
    "nose_female_varGp01D": 0.0,
    "nose_female_varGp01F": 0.0,
    "nose_female_varGp01H": 0.0,
    "nose_female_varGp01K": 0.0,
    "nose_male_varGp01A": 1.0,
    "nose_male_varGp01D": 0.0,
    "nose_male_varGp01E": 0.0,
    "nose_male_varGp01G": 0.0,
    "nose_male_varGp01I": 0.0,
    "nose_male_varGp01K": 0.0
  },
  "expression_shapes": {
    "BROW_LOWERER_L": 0.0,
    "BROW_LOWERER_R": 0.0,
    "CHEEK_PUFF_L": 0.23574389517307281,
    "CHEEK_PUFF_R": 0.23574389517307281,
    "CHEEK_RAISER_L": 0.0,
    "CHEEK_RAISER_R": 0.0,
    "CHEEK_SUCK_L": 0.0,
    "CHEEK_SUCK_R": 0.0,
    "CHIN_DEPRESSOR_B": 0.0,
    "CHIN_RAISER_B": 0.0,
    "CHIN_RAISER_T": 0.0,
    "DIMPLER_L": 0.0,
    "DIMPLER_R": 0.0,
    "EYES_CLOSED_L": 0.0,
    "EYES_CLOSED_R": 0.0,
    "EYES_LOOK_DOWN_L": 0.0,
    "EYES_LOOK_DOWN_R": 0.0,
    "EYES_LOOK_LEFT_L": 0.0,
    "EYES_LOOK_LEFT_R": 0.0,
    "EYES_LOOK_RIGHT_L": 0.0,
    "EYES_LOOK_RIGHT_R": 0.0,
    "EYES_LOOK_UP_L": 0.0,
    "EYES_LOOK_UP_R": 0.0,
    "INNER_BROW_CONTRACTOR_L": 0.0,
    "INNER_BROW_CONTRACTOR_R": 0.0,
    "INNER_BROW_RAISER_L": 0.0,
    "INNER_BROW_RAISER_R": 0.0,
    "JAW_COMPRESSOR": 0.0,
    "JAW_DROP": 0.0,
    "JAW_RETREAT": 0.0,
    "JAW_SIDEWAYS_LEFT": 0.0,
    "JAW_SIDEWAYS_RIGHT": 0.0,
    "JAW_THRUST": 0.0,
    "LID_TIGHTENER_L": 0.0,
    "LID_TIGHTENER_R": 0.0,
    "LIPS_TOWARD": 0.0,
    "LIP_CORNER_DEPRESSOR_L": 0.0,
    "LIP_CORNER_DEPRESSOR_R": 0.0,
    "LIP_CORNER_PULLER_L": 0.0,
    "LIP_CORNER_PULLER_R": 0.0,
    "LIP_FUNNELER_LB": 0.0,
    "LIP_FUNNELER_LT": 0.0,
    "LIP_FUNNELER_RB": 0.0,
    "LIP_FUNNELER_RT": 0.0,
    "LIP_PRESSOR_L": 0.0,
    "LIP_PRESSOR_R": 0.0,
    "LIP_PUCKER_L": 0.0,
    "LIP_PUCKER_R": 0.0,
    "LIP_STRETCHER_L": 0.0,
    "LIP_STRETCHER_R": 0.0,
    "LIP_SUCK_LB": 0.0,
    "LIP_SUCK_LT": 0.0,
    "LIP_SUCK_RB": 0.0,
    "LIP_SUCK_RT": 0.0,
    "LIP_TIGHTENER_L": 0.0,
    "LIP_TIGHTENER_R": 0.0,
    "LOWER_LIP_DEPRESSOR_L": 0.0,
    "LOWER_LIP_DEPRESSOR_R": 0.0,
    "MOUTH_LEFT": 0.0,
    "MOUTH_LOWERER": 0.0,
    "MOUTH_RAISER": 0.0,
    "MOUTH_RIGHT": 0.0,
    "NOSE_WRINKLER_L": 0.0,
    "NOSE_WRINKLER_R": 0.0,
    "OUTER_BROW_RAISER_L": 0.0,
    "OUTER_BROW_RAISER_R": 0.0,
    "UPPER_LID_RAISER_L": 0.0,
    "UPPER_LID_RAISER_R": 0.0,
    "UPPER_LIP_RAISER_L": 0.0,
    "UPPER_LIP_RAISER_R": 0.0
  },
  "rules_snapshot": {}
}