{
  "version": 1,
  "timestamp": "2026-03-30T17:34:59",
  "frame": 23,
  "label": "issue",
  "note": "Width fo the mouth feels wide, even though the head is generally OK it has a slight fish feel to it because of how wide the mouth is and how circular the eyes are. ",
  "chaos_joints": {
    "JawBind": {
      "location": [
        0.0,
        0.0,
        0.0
      ],
      "rotation_quaternion": [
        1.0,
        0.0,
        0.0,
        0.0
      ],
      "scale": [
        0.9323863983154297,
        0.954282283782959,
        1.0
      ]
    },
    "MouthBind": {
      "location": [
        0.0,
        0.0,
        0.0
      ],
      "rotation_quaternion": [
        1.0,
        0.0,
        0.0,
        0.0
      ],
      "scale": [
        1.1698205471038818,
        0.7930548787117004,
        1.0
      ]
    },
    "MouthInnerBind": {
      "location": [
        0.0,
        4.8887850425671786e-05,
        0.0
      ],
      "rotation_quaternion": [
        1.0,
        0.0,
        0.0,
        0.0
      ],
      "scale": [
        0.9847910404205322,
        1.0608631372451782,
        1.0
      ]
    },
    "NoseBind": {
      "location": [
        0.0,
        0.0039376914501190186,
        0.0
      ],
      "rotation_quaternion": [
        0.9999672770500183,
        -0.008087718859314919,
        0.0,
        0.0
      ],
      "scale": [
        0.9548070430755615,
        0.9118310213088989,
        0.8687586188316345
      ]
    },
    "LeftBrowBind": {
      "location": [
        0.000497100583743304,
        0.0,
        0.0
      ],
      "rotation_quaternion": [
        0.9999008178710938,
        0.011596440337598324,
        -0.007988739758729935,
        9.265013068215922e-05
      ],
      "scale": [
        0.9289128184318542,
        0.8694444894790649,
        1.0
      ]
    },
    "RightBrowBind": {
      "location": [
        -0.000497100583743304,
        0.0,
        0.0
      ],
      "rotation_quaternion": [
        0.9999008178710938,
        0.011596440337598324,
        0.007988739758729935,
        -9.265013068215922e-05
      ],
      "scale": [
        0.9289128184318542,
        0.8694444894790649,
        1.0
      ]
    },
    "RightEyeSocketBind": {
      "location": [
        -0.0036654993891716003,
        -0.003017327981069684,
        0.0
      ],
      "rotation_quaternion": [
        0.99988853931427,
        0.0,
        0.0,
        0.01493078749626875
      ],
      "scale": [
        0.9391259551048279,
        0.9879593849182129,
        1.0
      ]
    },
    "LeftEyeSocketBind": {
      "location": [
        0.0036654993891716003,
        -0.003017327981069684,
        0.0
      ],
      "rotation_quaternion": [
        0.99988853931427,
        0.0,
        0.0,
        -0.01493078749626875
      ],
      "scale": [
        0.9391259551048279,
        0.9879593849182129,
        1.0
      ]
    },
    "FaceBind": {
      "location": [
        0.0,
        -0.004519290756434202,
        -0.004451925400644541
      ],
      "rotation_quaternion": [
        1.0,
        0.0,
        0.0,
        0.0
      ],
      "scale": [
        1.0146137475967407,
        1.0120784044265747,
        1.0105220079421997
      ]
    },
    "NeckBind": {
      "location": [
        0.0,
        0.0,
        0.0
      ],
      "rotation_quaternion": [
        1.0,
        0.0,
        0.0,
        0.0
      ],
      "scale": [
        0.8582081198692322,
        1.0,
        1.0730335712432861
      ]
    }
  },
  "variation_shapes": {
    "eyes_female_varGp01A": 0.17197617888450623,
    "eyes_female_varGp01B": 0.0,
    "eyes_female_varGp01C": 0.0,
    "eyes_female_varGp01E": 0.2738725543022156,
    "eyes_female_varGp01G": 0.26144519448280334,
    "eyes_female_varGp01I": 0.0,
    "eyes_male_varGp01D": 0.0,
    "eyes_male_varGp01F": 0.0,
    "eyes_male_varGp01H": 0.0,
    "eyes_male_varGp01J": 0.29270604252815247,
    "eyes_male_varGp01K": 0.0,
    "eyes_male_varGp01L": 0.0,
    "jaw_female_varGp01A": 0.0,
    "jaw_female_varGp01B": 0.0,
    "jaw_female_varGp01D": 0.0,
    "jaw_female_varGp01F": 0.0,
    "jaw_female_varGp01H": 0.2290201038122177,
    "jaw_female_varGp01K": 0.0,
    "jaw_male_varGp01A": 0.0,
    "jaw_male_varGp01D": 0.0,
    "jaw_male_varGp01E": 0.0,
    "jaw_male_varGp01H": 0.7709798812866211,
    "jaw_male_varGp01K": 0.0,
    "jaw_male_varGp01L": 0.0,
    "lips_female_varGp01C": 0.0,
    "lips_female_varGp01D": 1.0,
    "lips_female_varGp01E": 0.0,
    "lips_female_varGp01F": 0.0,
    "lips_female_varGp01I": 0.0,
    "lips_female_varGp01J": 0.0,
    "lips_male_varGp01D": 0.0,
    "lips_male_varGp01F": 0.0,
    "lips_male_varGp01G": 0.0,
    "lips_male_varGp01H": 0.0,
    "lips_male_varGp01I": 0.0,
    "lips_male_varGp01K": 0.0,
    "nose_female_varGp01A": 0.0,
    "nose_female_varGp01C": 0.0,
    "nose_female_varGp01D": 0.3138445317745209,
    "nose_female_varGp01F": 0.4858816862106323,
    "nose_female_varGp01H": 0.0,
    "nose_female_varGp01K": 0.0,
    "nose_male_varGp01A": 0.09454876184463501,
    "nose_male_varGp01D": 0.0,
    "nose_male_varGp01E": 0.1057250127196312,
    "nose_male_varGp01G": 0.0,
    "nose_male_varGp01I": 0.0,
    "nose_male_varGp01K": 0.0
  },
  "expression_shapes": {
    "BROW_LOWERER_L": 0.0,
    "BROW_LOWERER_R": 0.0,
    "CHEEK_PUFF_L": 0.22982057929039001,
    "CHEEK_PUFF_R": 0.22982057929039001,
    "CHEEK_RAISER_L": 0.0,
    "CHEEK_RAISER_R": 0.0,
    "CHEEK_SUCK_L": 0.0,
    "CHEEK_SUCK_R": 0.0,
    "CHIN_DEPRESSOR_B": 0.0,
    "CHIN_RAISER_B": 0.0,
    "CHIN_RAISER_T": 0.0,
    "DIMPLER_L": 0.0,
    "DIMPLER_R": 0.0,
    "EYES_CLOSED_L": 0.0,
    "EYES_CLOSED_R": 0.0,
    "EYES_LOOK_DOWN_L": 0.0,
    "EYES_LOOK_DOWN_R": 0.0,
    "EYES_LOOK_LEFT_L": 0.0,
    "EYES_LOOK_LEFT_R": 0.0,
    "EYES_LOOK_RIGHT_L": 0.0,
    "EYES_LOOK_RIGHT_R": 0.0,
    "EYES_LOOK_UP_L": 0.0,
    "EYES_LOOK_UP_R": 0.0,
    "INNER_BROW_CONTRACTOR_L": 0.0,
    "INNER_BROW_CONTRACTOR_R": 0.0,
    "INNER_BROW_RAISER_L": 0.0,
    "INNER_BROW_RAISER_R": 0.0,
    "JAW_COMPRESSOR": 0.0,
    "JAW_DROP": 0.0,
    "JAW_RETREAT": 0.0,
    "JAW_SIDEWAYS_LEFT": 0.0,
    "JAW_SIDEWAYS_RIGHT": 0.0,
    "JAW_THRUST": 0.0,
    "LID_TIGHTENER_L": 0.0,
    "LID_TIGHTENER_R": 0.0,
    "LIPS_TOWARD": 0.0,
    "LIP_CORNER_DEPRESSOR_L": 0.0,
    "LIP_CORNER_DEPRESSOR_R": 0.0,
    "LIP_CORNER_PULLER_L": 0.0,
    "LIP_CORNER_PULLER_R": 0.0,
    "LIP_FUNNELER_LB": 0.0,
    "LIP_FUNNELER_LT": 0.0,
    "LIP_FUNNELER_RB": 0.0,
    "LIP_FUNNELER_RT": 0.0,
    "LIP_PRESSOR_L": 0.0,
    "LIP_PRESSOR_R": 0.0,
    "LIP_PUCKER_L": 0.0,
    "LIP_PUCKER_R": 0.0,
    "LIP_STRETCHER_L": 0.0,
    "LIP_STRETCHER_R": 0.0,
    "LIP_SUCK_LB": 0.0,
    "LIP_SUCK_LT": 0.0,
    "LIP_SUCK_RB": 0.0,
    "LIP_SUCK_RT": 0.0,
    "LIP_TIGHTENER_L": 0.0,
    "LIP_TIGHTENER_R": 0.0,
    "LOWER_LIP_DEPRESSOR_L": 0.0,
    "LOWER_LIP_DEPRESSOR_R": 0.0,
    "MOUTH_LEFT": 0.0,
    "MOUTH_LOWERER": 0.0,
    "MOUTH_RAISER": 0.0,
    "MOUTH_RIGHT": 0.0,
    "NOSE_WRINKLER_L": 0.0,
    "NOSE_WRINKLER_R": 0.0,
    "OUTER_BROW_RAISER_L": 0.0,
    "OUTER_BROW_RAISER_R": 0.0,
    "UPPER_LID_RAISER_L": 0.0,
    "UPPER_LID_RAISER_R": 0.0,
    "UPPER_LIP_RAISER_L": 0.0,
    "UPPER_LIP_RAISER_R": 0.0
  },
  "rules_snapshot": {}
}