{
  "version": 1,
  "timestamp": "2026-03-30T18:11:13",
  "frame": 92,
  "label": "issue",
  "note": "Nose is just a bit turned out. ",
  "chaos_joints": {
    "JawBind": {
      "location": [
        0.0,
        0.0,
        0.0
      ],
      "rotation_quaternion": [
        1.0,
        0.0,
        0.0,
        0.0
      ],
      "scale": [
        1.0220242738723755,
        1.0439209938049316,
        1.0
      ]
    },
    "MouthBind": {
      "location": [
        0.0,
        0.0,
        0.0
      ],
      "rotation_quaternion": [
        1.0,
        0.0,
        0.0,
        0.0
      ],
      "scale": [
        0.8808432221412659,
        0.971788227558136,
        1.0
      ]
    },
    "MouthInnerBind": {
      "location": [
        0.0,
        0.00029454429750330746,
        0.0
      ],
      "rotation_quaternion": [
        1.0,
        0.0,
        0.0,
        0.0
      ],
      "scale": [
        0.914095938205719,
        0.9626988768577576,
        1.0
      ]
    },
    "NoseBind": {
      "location": [
        0.0,
        -0.0016308941412717104,
        0.0
      ],
      "rotation_quaternion": [
        0.9993725419044495,
        -0.03541923314332962,
        0.0,
        0.0
      ],
      "scale": [
        1.3260245323181152,
        1.0420101881027222,
        0.9936096668243408
      ]
    },
    "LeftBrowBind": {
      "location": [
        0.0009579434408806264,
        0.0,
        0.0
      ],
      "rotation_quaternion": [
        0.999422550201416,
        -0.030278878286480904,
        -0.015412981621921062,
        -0.00046695745550096035
      ],
      "scale": [
        0.9765808582305908,
        1.0872008800506592,
        1.0
      ]
    },
    "RightBrowBind": {
      "location": [
        -0.0009579434408806264,
        0.0,
        0.0
      ],
      "rotation_quaternion": [
        0.999422550201416,
        -0.030278878286480904,
        0.015412981621921062,
        0.00046695745550096035
      ],
      "scale": [
        0.9765808582305908,
        1.0872008800506592,
        1.0
      ]
    },
    "RightEyeSocketBind": {
      "location": [
        -0.0013220789842307568,
        0.004107089247554541,
        0.0
      ],
      "rotation_quaternion": [
        0.9998027086257935,
        0.0,
        0.0,
        -0.019864510744810104
      ],
      "scale": [
        0.9173364639282227,
        0.9376819729804993,
        1.0
      ]
    },
    "LeftEyeSocketBind": {
      "location": [
        0.0013220789842307568,
        0.004107089247554541,
        0.0
      ],
      "rotation_quaternion": [
        0.9998027086257935,
        0.0,
        0.0,
        0.019864510744810104
      ],
      "scale": [
        0.9173364639282227,
        0.9376819729804993,
        1.0
      ]
    },
    "FaceBind": {
      "location": [
        0.0,
        -0.004499262664467096,
        -0.003277447307482362
      ],
      "rotation_quaternion": [
        1.0,
        0.0,
        0.0,
        0.0
      ],
      "scale": [
        0.9914934039115906,
        0.9985383749008179,
        0.9802753925323486
      ]
    },
    "NeckBind": {
      "location": [
        0.0,
        0.0,
        0.0
      ],
      "rotation_quaternion": [
        1.0,
        0.0,
        0.0,
        0.0
      ],
      "scale": [
        1.1899150609970093,
        1.0,
        0.9759671092033386
      ]
    }
  },
  "variation_shapes": {
    "eyes_female_varGp01A": 0.179007425904274,
    "eyes_female_varGp01B": 0.0,
    "eyes_female_varGp01C": 0.4180583953857422,
    "eyes_female_varGp01E": 0.0,
    "eyes_female_varGp01G": 0.0,
    "eyes_female_varGp01I": 0.0,
    "eyes_male_varGp01D": 0.402934193611145,
    "eyes_male_varGp01F": 0.0,
    "eyes_male_varGp01H": 0.0,
    "eyes_male_varGp01J": 0.0,
    "eyes_male_varGp01K": 0.0,
    "eyes_male_varGp01L": 0.0,
    "jaw_female_varGp01A": 0.35351744294166565,
    "jaw_female_varGp01B": 0.1483813375234604,
    "jaw_female_varGp01D": 0.0,
    "jaw_female_varGp01F": 0.0,
    "jaw_female_varGp01H": 0.0,
    "jaw_female_varGp01K": 0.17212827503681183,
    "jaw_male_varGp01A": 0.0,
    "jaw_male_varGp01D": 0.0,
    "jaw_male_varGp01E": 0.0,
    "jaw_male_varGp01H": 0.32597294449806213,
    "jaw_male_varGp01K": 0.0,
    "jaw_male_varGp01L": 0.0,
    "lips_female_varGp01C": 0.24578504264354706,
    "lips_female_varGp01D": 0.23175667226314545,
    "lips_female_varGp01E": 0.0,
    "lips_female_varGp01F": 0.0,
    "lips_female_varGp01I": 0.0,
    "lips_female_varGp01J": 0.0,
    "lips_male_varGp01D": 0.3226785361766815,
    "lips_male_varGp01F": 0.19977974891662598,
    "lips_male_varGp01G": 0.0,
    "lips_male_varGp01H": 0.0,
    "lips_male_varGp01I": 0.0,
    "lips_male_varGp01K": 0.0,
    "nose_female_varGp01A": 0.0,
    "nose_female_varGp01C": 0.0,
    "nose_female_varGp01D": 0.0,
    "nose_female_varGp01F": 0.0,
    "nose_female_varGp01H": 0.0,
    "nose_female_varGp01K": 0.0,
    "nose_male_varGp01A": 0.0,
    "nose_male_varGp01D": 0.0,
    "nose_male_varGp01E": 0.0,
    "nose_male_varGp01G": 0.0,
    "nose_male_varGp01I": 0.0,
    "nose_male_varGp01K": 1.0
  },
  "expression_shapes": {
    "BROW_LOWERER_L": 0.0,
    "BROW_LOWERER_R": 0.0,
    "CHEEK_PUFF_L": 0.24818897247314453,
    "CHEEK_PUFF_R": 0.24818897247314453,
    "CHEEK_RAISER_L": 0.0,
    "CHEEK_RAISER_R": 0.0,
    "CHEEK_SUCK_L": 0.0,
    "CHEEK_SUCK_R": 0.0,
    "CHIN_DEPRESSOR_B": 0.0,
    "CHIN_RAISER_B": 0.0,
    "CHIN_RAISER_T": 0.0,
    "DIMPLER_L": 0.0,
    "DIMPLER_R": 0.0,
    "EYES_CLOSED_L": 0.0,
    "EYES_CLOSED_R": 0.0,
    "EYES_LOOK_DOWN_L": 0.0,
    "EYES_LOOK_DOWN_R": 0.0,
    "EYES_LOOK_LEFT_L": 0.0,
    "EYES_LOOK_LEFT_R": 0.0,
    "EYES_LOOK_RIGHT_L": 0.0,
    "EYES_LOOK_RIGHT_R": 0.0,
    "EYES_LOOK_UP_L": 0.0,
    "EYES_LOOK_UP_R": 0.0,
    "INNER_BROW_CONTRACTOR_L": 0.0,
    "INNER_BROW_CONTRACTOR_R": 0.0,
    "INNER_BROW_RAISER_L": 0.0,
    "INNER_BROW_RAISER_R": 0.0,
    "JAW_COMPRESSOR": 0.0,
    "JAW_DROP": 0.0,
    "JAW_RETREAT": 0.0,
    "JAW_SIDEWAYS_LEFT": 0.0,
    "JAW_SIDEWAYS_RIGHT": 0.0,
    "JAW_THRUST": 0.0,
    "LID_TIGHTENER_L": 0.0,
    "LID_TIGHTENER_R": 0.0,
    "LIPS_TOWARD": 0.0,
    "LIP_CORNER_DEPRESSOR_L": 0.0,
    "LIP_CORNER_DEPRESSOR_R": 0.0,
    "LIP_CORNER_PULLER_L": 0.0,
    "LIP_CORNER_PULLER_R": 0.0,
    "LIP_FUNNELER_LB": 0.0,
    "LIP_FUNNELER_LT": 0.0,
    "LIP_FUNNELER_RB": 0.0,
    "LIP_FUNNELER_RT": 0.0,
    "LIP_PRESSOR_L": 0.0,
    "LIP_PRESSOR_R": 0.0,
    "LIP_PUCKER_L": 0.0,
    "LIP_PUCKER_R": 0.0,
    "LIP_STRETCHER_L": 0.0,
    "LIP_STRETCHER_R": 0.0,
    "LIP_SUCK_LB": 0.0,
    "LIP_SUCK_LT": 0.0,
    "LIP_SUCK_RB": 0.0,
    "LIP_SUCK_RT": 0.0,
    "LIP_TIGHTENER_L": 0.0,
    "LIP_TIGHTENER_R": 0.0,
    "LOWER_LIP_DEPRESSOR_L": 0.0,
    "LOWER_LIP_DEPRESSOR_R": 0.0,
    "MOUTH_LEFT": 0.0,
    "MOUTH_LOWERER": 0.0,
    "MOUTH_RAISER": 0.0,
    "MOUTH_RIGHT": 0.0,
    "NOSE_WRINKLER_L": 0.0,
    "NOSE_WRINKLER_R": 0.0,
    "OUTER_BROW_RAISER_L": 0.0,
    "OUTER_BROW_RAISER_R": 0.0,
    "UPPER_LID_RAISER_L": 0.0,
    "UPPER_LID_RAISER_R": 0.0,
    "UPPER_LIP_RAISER_L": 0.0,
    "UPPER_LIP_RAISER_R": 0.0
  },
  "rules_snapshot": {}
}