{
  "version": 1,
  "timestamp": "2026-03-30T17:45:44",
  "frame": 44,
  "label": "issue",
  "note": "Nose and mouth look fine, the eyes droop on the sides, likley do to scaling and rotation",
  "chaos_joints": {
    "JawBind": {
      "location": [
        0.0,
        0.0,
        0.0
      ],
      "rotation_quaternion": [
        1.0,
        0.0,
        0.0,
        0.0
      ],
      "scale": [
        0.939023494720459,
        1.0306568145751953,
        1.0
      ]
    },
    "MouthBind": {
      "location": [
        0.0,
        0.0,
        0.0
      ],
      "rotation_quaternion": [
        1.0,
        0.0,
        0.0,
        0.0
      ],
      "scale": [
        0.908030092716217,
        1.2690398693084717,
        1.0
      ]
    },
    "MouthInnerBind": {
      "location": [
        0.0,
        0.0023803769145160913,
        0.0
      ],
      "rotation_quaternion": [
        1.0,
        0.0,
        0.0,
        0.0
      ],
      "scale": [
        1.005984902381897,
        0.9486703872680664,
        1.0
      ]
    },
    "NoseBind": {
      "location": [
        0.0,
        -0.000172793646925129,
        0.0
      ],
      "rotation_quaternion": [
        0.9971949458122253,
        -0.07484795898199081,
        0.0,
        0.0
      ],
      "scale": [
        1.058284878730774,
        0.982620894908905,
        0.992734968662262
      ]
    },
    "LeftBrowBind": {
      "location": [
        -0.0009823061991482973,
        0.0,
        0.0
      ],
      "rotation_quaternion": [
        0.9997595548629761,
        -0.021917641162872314,
        0.0006367068272083998,
        1.3958468116470613e-05
      ],
      "scale": [
        0.9082070589065552,
        0.8214738965034485,
        1.0
      ]
    },
    "RightBrowBind": {
      "location": [
        0.0009823061991482973,
        0.0,
        0.0
      ],
      "rotation_quaternion": [
        0.9997595548629761,
        -0.021917641162872314,
        -0.0006367068272083998,
        -1.3958468116470613e-05
      ],
      "scale": [
        0.9082070589065552,
        0.8214738965034485,
        1.0
      ]
    },
    "RightEyeSocketBind": {
      "location": [
        0.0019016653532162309,
        -0.002170620020478964,
        0.0
      ],
      "rotation_quaternion": [
        0.9998530745506287,
        0.0,
        0.0,
        0.017140433192253113
      ],
      "scale": [
        1.0226715803146362,
        0.9987683296203613,
        1.0
      ]
    },
    "LeftEyeSocketBind": {
      "location": [
        -0.0019016653532162309,
        -0.002170620020478964,
        0.0
      ],
      "rotation_quaternion": [
        0.9998530745506287,
        0.0,
        0.0,
        -0.017140433192253113
      ],
      "scale": [
        1.0226715803146362,
        0.9987683296203613,
        1.0
      ]
    },
    "FaceBind": {
      "location": [
        0.0,
        0.00043625320540741086,
        -0.002499242080375552
      ],
      "rotation_quaternion": [
        1.0,
        0.0,
        0.0,
        0.0
      ],
      "scale": [
        0.9934154748916626,
        1.01780104637146,
        1.007394552230835
      ]
    },
    "NeckBind": {
      "location": [
        0.0,
        0.0,
        0.0
      ],
      "rotation_quaternion": [
        1.0,
        0.0,
        0.0,
        0.0
      ],
      "scale": [
        0.935417115688324,
        1.0,
        0.8789128661155701
      ]
    }
  },
  "variation_shapes": {
    "eyes_female_varGp01A": 0.0,
    "eyes_female_varGp01B": 0.0,
    "eyes_female_varGp01C": 0.0,
    "eyes_female_varGp01E": 0.0,
    "eyes_female_varGp01G": 0.0,
    "eyes_female_varGp01I": 0.0,
    "eyes_male_varGp01D": 0.0,
    "eyes_male_varGp01F": 0.0,
    "eyes_male_varGp01H": 0.0,
    "eyes_male_varGp01J": 0.0,
    "eyes_male_varGp01K": 0.0,
    "eyes_male_varGp01L": 1.0,
    "jaw_female_varGp01A": 0.0,
    "jaw_female_varGp01B": 0.42199259996414185,
    "jaw_female_varGp01D": 0.19585219025611877,
    "jaw_female_varGp01F": 0.0,
    "jaw_female_varGp01H": 0.0,
    "jaw_female_varGp01K": 0.0,
    "jaw_male_varGp01A": 0.0,
    "jaw_male_varGp01D": 0.0,
    "jaw_male_varGp01E": 0.19665566086769104,
    "jaw_male_varGp01H": 0.0,
    "jaw_male_varGp01K": 0.0,
    "jaw_male_varGp01L": 0.18549953401088715,
    "lips_female_varGp01C": 0.0,
    "lips_female_varGp01D": 0.0,
    "lips_female_varGp01E": 0.0,
    "lips_female_varGp01F": 0.0,
    "lips_female_varGp01I": 0.0,
    "lips_female_varGp01J": 0.0,
    "lips_male_varGp01D": 1.0,
    "lips_male_varGp01F": 0.0,
    "lips_male_varGp01G": 0.0,
    "lips_male_varGp01H": 0.0,
    "lips_male_varGp01I": 0.0,
    "lips_male_varGp01K": 0.0,
    "nose_female_varGp01A": 0.0,
    "nose_female_varGp01C": 0.23152148723602295,
    "nose_female_varGp01D": 0.0,
    "nose_female_varGp01F": 0.22476676106452942,
    "nose_female_varGp01H": 0.3241172134876251,
    "nose_female_varGp01K": 0.0,
    "nose_male_varGp01A": 0.0,
    "nose_male_varGp01D": 0.0,
    "nose_male_varGp01E": 0.0,
    "nose_male_varGp01G": 0.21959452331066132,
    "nose_male_varGp01I": 0.0,
    "nose_male_varGp01K": 0.0
  },
  "expression_shapes": {
    "BROW_LOWERER_L": 0.0,
    "BROW_LOWERER_R": 0.0,
    "CHEEK_PUFF_L": 0.036541182547807693,
    "CHEEK_PUFF_R": 0.036541182547807693,
    "CHEEK_RAISER_L": 0.0,
    "CHEEK_RAISER_R": 0.0,
    "CHEEK_SUCK_L": 0.0,
    "CHEEK_SUCK_R": 0.0,
    "CHIN_DEPRESSOR_B": 0.0,
    "CHIN_RAISER_B": 0.0,
    "CHIN_RAISER_T": 0.0,
    "DIMPLER_L": 0.0,
    "DIMPLER_R": 0.0,
    "EYES_CLOSED_L": 0.0,
    "EYES_CLOSED_R": 0.0,
    "EYES_LOOK_DOWN_L": 0.0,
    "EYES_LOOK_DOWN_R": 0.0,
    "EYES_LOOK_LEFT_L": 0.0,
    "EYES_LOOK_LEFT_R": 0.0,
    "EYES_LOOK_RIGHT_L": 0.0,
    "EYES_LOOK_RIGHT_R": 0.0,
    "EYES_LOOK_UP_L": 0.0,
    "EYES_LOOK_UP_R": 0.0,
    "INNER_BROW_CONTRACTOR_L": 0.0,
    "INNER_BROW_CONTRACTOR_R": 0.0,
    "INNER_BROW_RAISER_L": 0.0,
    "INNER_BROW_RAISER_R": 0.0,
    "JAW_COMPRESSOR": 0.0,
    "JAW_DROP": 0.0,
    "JAW_RETREAT": 0.0,
    "JAW_SIDEWAYS_LEFT": 0.0,
    "JAW_SIDEWAYS_RIGHT": 0.0,
    "JAW_THRUST": 0.0,
    "LID_TIGHTENER_L": 0.0,
    "LID_TIGHTENER_R": 0.0,
    "LIPS_TOWARD": 0.0,
    "LIP_CORNER_DEPRESSOR_L": 0.0,
    "LIP_CORNER_DEPRESSOR_R": 0.0,
    "LIP_CORNER_PULLER_L": 0.0,
    "LIP_CORNER_PULLER_R": 0.0,
    "LIP_FUNNELER_LB": 0.0,
    "LIP_FUNNELER_LT": 0.0,
    "LIP_FUNNELER_RB": 0.0,
    "LIP_FUNNELER_RT": 0.0,
    "LIP_PRESSOR_L": 0.0,
    "LIP_PRESSOR_R": 0.0,
    "LIP_PUCKER_L": 0.0,
    "LIP_PUCKER_R": 0.0,
    "LIP_STRETCHER_L": 0.0,
    "LIP_STRETCHER_R": 0.0,
    "LIP_SUCK_LB": 0.0,
    "LIP_SUCK_LT": 0.0,
    "LIP_SUCK_RB": 0.0,
    "LIP_SUCK_RT": 0.0,
    "LIP_TIGHTENER_L": 0.0,
    "LIP_TIGHTENER_R": 0.0,
    "LOWER_LIP_DEPRESSOR_L": 0.0,
    "LOWER_LIP_DEPRESSOR_R": 0.0,
    "MOUTH_LEFT": 0.0,
    "MOUTH_LOWERER": 0.0,
    "MOUTH_RAISER": 0.0,
    "MOUTH_RIGHT": 0.0,
    "NOSE_WRINKLER_L": 0.0,
    "NOSE_WRINKLER_R": 0.0,
    "OUTER_BROW_RAISER_L": 0.0,
    "OUTER_BROW_RAISER_R": 0.0,
    "UPPER_LID_RAISER_L": 0.0,
    "UPPER_LID_RAISER_R": 0.0,
    "UPPER_LIP_RAISER_L": 0.0,
    "UPPER_LIP_RAISER_R": 0.0
  },
  "rules_snapshot": {}
}