{
  "version": 1,
  "timestamp": "2026-03-30T17:56:15",
  "frame": 64,
  "label": "issue",
  "note": "This head is fine enough, but the relathionship of the thin, lips, high mouth, and long chin just feel off. ",
  "chaos_joints": {
    "JawBind": {
      "location": [
        0.0,
        0.0,
        0.0
      ],
      "rotation_quaternion": [
        1.0,
        0.0,
        0.0,
        0.0
      ],
      "scale": [
        1.0780905485153198,
        0.9986860156059265,
        1.0
      ]
    },
    "MouthBind": {
      "location": [
        0.0,
        0.0,
        0.0
      ],
      "rotation_quaternion": [
        1.0,
        0.0,
        0.0,
        0.0
      ],
      "scale": [
        1.0623290538787842,
        0.6764532327651978,
        1.0
      ]
    },
    "MouthInnerBind": {
      "location": [
        0.0,
        0.0003243088140152395,
        0.0
      ],
      "rotation_quaternion": [
        1.0,
        0.0,
        0.0,
        0.0
      ],
      "scale": [
        0.9595867395401001,
        0.9918469786643982,
        1.0
      ]
    },
    "NoseBind": {
      "location": [
        0.0,
        -0.0034459249582141638,
        0.0
      ],
      "rotation_quaternion": [
        0.9973694682121277,
        0.07248516380786896,
        0.0,
        0.0
      ],
      "scale": [
        0.9247205257415771,
        0.8115195035934448,
        0.7846430540084839
      ]
    },
    "LeftBrowBind": {
      "location": [
        -0.00032787976670078933,
        0.0,
        0.0
      ],
      "rotation_quaternion": [
        0.999983549118042,
        -0.004785226657986641,
        -0.0031613411847501993,
        -1.5127983715501614e-05
      ],
      "scale": [
        1.0048532485961914,
        0.8040047883987427,
        1.0
      ]
    },
    "RightBrowBind": {
      "location": [
        0.00032787976670078933,
        0.0,
        0.0
      ],
      "rotation_quaternion": [
        0.999983549118042,
        -0.004785226657986641,
        0.0031613411847501993,
        1.5127983715501614e-05
      ],
      "scale": [
        1.0048532485961914,
        0.8040047883987427,
        1.0
      ]
    },
    "RightEyeSocketBind": {
      "location": [
        -0.0018128438387066126,
        -0.0015241141663864255,
        0.0
      ],
      "rotation_quaternion": [
        0.9966955780982971,
        0.0,
        0.0,
        0.08122793585062027
      ],
      "scale": [
        1.0292662382125854,
        1.0839563608169556,
        1.0
      ]
    },
    "LeftEyeSocketBind": {
      "location": [
        0.0018128438387066126,
        -0.0015241141663864255,
        0.0
      ],
      "rotation_quaternion": [
        0.9966955780982971,
        0.0,
        0.0,
        -0.08122793585062027
      ],
      "scale": [
        1.0292662382125854,
        1.0839563608169556,
        1.0
      ]
    },
    "FaceBind": {
      "location": [
        0.0,
        0.00045595387928187847,
        0.0024815446231514215
      ],
      "rotation_quaternion": [
        1.0,
        0.0,
        0.0,
        0.0
      ],
      "scale": [
        1.0183736085891724,
        1.0185331106185913,
        1.0117546319961548
      ]
    },
    "NeckBind": {
      "location": [
        0.0,
        0.0,
        0.0
      ],
      "rotation_quaternion": [
        1.0,
        0.0,
        0.0,
        0.0
      ],
      "scale": [
        0.8301105499267578,
        1.0,
        0.9903258681297302
      ]
    }
  },
  "variation_shapes": {
    "eyes_female_varGp01A": 0.18811209499835968,
    "eyes_female_varGp01B": 0.0,
    "eyes_female_varGp01C": 0.0,
    "eyes_female_varGp01E": 0.0,
    "eyes_female_varGp01G": 0.0,
    "eyes_female_varGp01I": 0.0,
    "eyes_male_varGp01D": 0.0,
    "eyes_male_varGp01F": 0.0,
    "eyes_male_varGp01H": 0.3048824667930603,
    "eyes_male_varGp01J": 0.5070054531097412,
    "eyes_male_varGp01K": 0.0,
    "eyes_male_varGp01L": 0.0,
    "jaw_female_varGp01A": 0.22751404345035553,
    "jaw_female_varGp01B": 0.0,
    "jaw_female_varGp01D": 0.0,
    "jaw_female_varGp01F": 0.0,
    "jaw_female_varGp01H": 0.0,
    "jaw_female_varGp01K": 0.0,
    "jaw_male_varGp01A": 0.0,
    "jaw_male_varGp01D": 0.0,
    "jaw_male_varGp01E": 0.0,
    "jaw_male_varGp01H": 0.45727863907814026,
    "jaw_male_varGp01K": 0.0,
    "jaw_male_varGp01L": 0.315207302570343,
    "lips_female_varGp01C": 0.0,
    "lips_female_varGp01D": 0.0,
    "lips_female_varGp01E": 0.0,
    "lips_female_varGp01F": 0.0,
    "lips_female_varGp01I": 0.5845440030097961,
    "lips_female_varGp01J": 0.0,
    "lips_male_varGp01D": 0.41545599699020386,
    "lips_male_varGp01F": 0.0,
    "lips_male_varGp01G": 0.0,
    "lips_male_varGp01H": 0.0,
    "lips_male_varGp01I": 0.0,
    "lips_male_varGp01K": 0.0,
    "nose_female_varGp01A": 0.06483975052833557,
    "nose_female_varGp01C": 0.5185354948043823,
    "nose_female_varGp01D": 0.0,
    "nose_female_varGp01F": 0.0,
    "nose_female_varGp01H": 0.0,
    "nose_female_varGp01K": 0.0,
    "nose_male_varGp01A": 0.32146555185317993,
    "nose_male_varGp01D": 0.09515918791294098,
    "nose_male_varGp01E": 0.0,
    "nose_male_varGp01G": 0.0,
    "nose_male_varGp01I": 0.0,
    "nose_male_varGp01K": 0.0
  },
  "expression_shapes": {
    "BROW_LOWERER_L": 0.0,
    "BROW_LOWERER_R": 0.0,
    "CHEEK_PUFF_L": 0.18720197677612305,
    "CHEEK_PUFF_R": 0.18720197677612305,
    "CHEEK_RAISER_L": 0.0,
    "CHEEK_RAISER_R": 0.0,
    "CHEEK_SUCK_L": 0.0,
    "CHEEK_SUCK_R": 0.0,
    "CHIN_DEPRESSOR_B": 0.0,
    "CHIN_RAISER_B": 0.0,
    "CHIN_RAISER_T": 0.0,
    "DIMPLER_L": 0.0,
    "DIMPLER_R": 0.0,
    "EYES_CLOSED_L": 0.0,
    "EYES_CLOSED_R": 0.0,
    "EYES_LOOK_DOWN_L": 0.0,
    "EYES_LOOK_DOWN_R": 0.0,
    "EYES_LOOK_LEFT_L": 0.0,
    "EYES_LOOK_LEFT_R": 0.0,
    "EYES_LOOK_RIGHT_L": 0.0,
    "EYES_LOOK_RIGHT_R": 0.0,
    "EYES_LOOK_UP_L": 0.0,
    "EYES_LOOK_UP_R": 0.0,
    "INNER_BROW_CONTRACTOR_L": 0.0,
    "INNER_BROW_CONTRACTOR_R": 0.0,
    "INNER_BROW_RAISER_L": 0.0,
    "INNER_BROW_RAISER_R": 0.0,
    "JAW_COMPRESSOR": 0.0,
    "JAW_DROP": 0.0,
    "JAW_RETREAT": 0.0,
    "JAW_SIDEWAYS_LEFT": 0.0,
    "JAW_SIDEWAYS_RIGHT": 0.0,
    "JAW_THRUST": 0.0,
    "LID_TIGHTENER_L": 0.0,
    "LID_TIGHTENER_R": 0.0,
    "LIPS_TOWARD": 0.0,
    "LIP_CORNER_DEPRESSOR_L": 0.0,
    "LIP_CORNER_DEPRESSOR_R": 0.0,
    "LIP_CORNER_PULLER_L": 0.0,
    "LIP_CORNER_PULLER_R": 0.0,
    "LIP_FUNNELER_LB": 0.0,
    "LIP_FUNNELER_LT": 0.0,
    "LIP_FUNNELER_RB": 0.0,
    "LIP_FUNNELER_RT": 0.0,
    "LIP_PRESSOR_L": 0.0,
    "LIP_PRESSOR_R": 0.0,
    "LIP_PUCKER_L": 0.0,
    "LIP_PUCKER_R": 0.0,
    "LIP_STRETCHER_L": 0.0,
    "LIP_STRETCHER_R": 0.0,
    "LIP_SUCK_LB": 0.0,
    "LIP_SUCK_LT": 0.0,
    "LIP_SUCK_RB": 0.0,
    "LIP_SUCK_RT": 0.0,
    "LIP_TIGHTENER_L": 0.0,
    "LIP_TIGHTENER_R": 0.0,
    "LOWER_LIP_DEPRESSOR_L": 0.0,
    "LOWER_LIP_DEPRESSOR_R": 0.0,
    "MOUTH_LEFT": 0.0,
    "MOUTH_LOWERER": 0.0,
    "MOUTH_RAISER": 0.0,
    "MOUTH_RIGHT": 0.0,
    "NOSE_WRINKLER_L": 0.0,
    "NOSE_WRINKLER_R": 0.0,
    "OUTER_BROW_RAISER_L": 0.0,
    "OUTER_BROW_RAISER_R": 0.0,
    "UPPER_LID_RAISER_L": 0.0,
    "UPPER_LID_RAISER_R": 0.0,
    "UPPER_LIP_RAISER_L": 0.0,
    "UPPER_LIP_RAISER_R": 0.0
  },
  "rules_snapshot": {}
}