{
  "version": 1,
  "timestamp": "2026-03-30T17:58:42",
  "frame": 70,
  "label": "issue",
  "note": "Nose feels a bit squashed up and down and long for how wide it is",
  "chaos_joints": {
    "JawBind": {
      "location": [
        0.0,
        0.0,
        0.0
      ],
      "rotation_quaternion": [
        1.0,
        0.0,
        0.0,
        0.0
      ],
      "scale": [
        0.9846314191818237,
        1.0137114524841309,
        1.0
      ]
    },
    "MouthBind": {
      "location": [
        0.0,
        0.0,
        0.0
      ],
      "rotation_quaternion": [
        1.0,
        0.0,
        0.0,
        0.0
      ],
      "scale": [
        0.9258824586868286,
        0.9147778749465942,
        1.0
      ]
    },
    "MouthInnerBind": {
      "location": [
        0.0,
        -1.0771324923553038e-05,
        0.0
      ],
      "rotation_quaternion": [
        1.0,
        0.0,
        0.0,
        0.0
      ],
      "scale": [
        1.0759766101837158,
        0.9564346075057983,
        1.0
      ]
    },
    "NoseBind": {
      "location": [
        0.0,
        -0.002851053373888135,
        0.0
      ],
      "rotation_quaternion": [
        0.9974086284637451,
        0.07194461673498154,
        0.0,
        0.0
      ],
      "scale": [
        1.3089840412139893,
        0.7611113786697388,
        1.07701575756073
      ]
    },
    "LeftBrowBind": {
      "location": [
        -0.0005493016797117889,
        0.0,
        0.0
      ],
      "rotation_quaternion": [
        0.9995998740196228,
        -0.018457837402820587,
        -0.02143113501369953,
        -0.0003957307490054518
      ],
      "scale": [
        0.9895740151405334,
        1.169387698173523,
        1.0
      ]
    },
    "RightBrowBind": {
      "location": [
        0.0005493016797117889,
        0.0,
        0.0
      ],
      "rotation_quaternion": [
        0.9995998740196228,
        -0.018457837402820587,
        0.02143113501369953,
        0.0003957307490054518
      ],
      "scale": [
        0.9895740151405334,
        1.169387698173523,
        1.0
      ]
    },
    "RightEyeSocketBind": {
      "location": [
        -0.000243233036599122,
        -0.004207774996757507,
        0.0
      ],
      "rotation_quaternion": [
        0.9980882406234741,
        0.0,
        0.0,
        0.061805326491594315
      ],
      "scale": [
        0.9907668232917786,
        1.0930527448654175,
        1.0
      ]
    },
    "LeftEyeSocketBind": {
      "location": [
        0.000243233036599122,
        -0.004207774996757507,
        0.0
      ],
      "rotation_quaternion": [
        0.9980882406234741,
        0.0,
        0.0,
        -0.061805326491594315
      ],
      "scale": [
        0.9907668232917786,
        1.0930527448654175,
        1.0
      ]
    },
    "FaceBind": {
      "location": [
        0.0,
        -0.0005220678285695612,
        0.0012944339541718364
      ],
      "rotation_quaternion": [
        1.0,
        0.0,
        0.0,
        0.0
      ],
      "scale": [
        0.98410964012146,
        1.002264380455017,
        0.9972150921821594
      ]
    },
    "NeckBind": {
      "location": [
        0.0,
        0.0,
        0.0
      ],
      "rotation_quaternion": [
        1.0,
        0.0,
        0.0,
        0.0
      ],
      "scale": [
        1.133091926574707,
        1.0,
        1.00141441822052
      ]
    }
  },
  "variation_shapes": {
    "eyes_female_varGp01A": 0.0,
    "eyes_female_varGp01B": 0.0,
    "eyes_female_varGp01C": 0.0,
    "eyes_female_varGp01E": 0.0,
    "eyes_female_varGp01G": 0.13700562715530396,
    "eyes_female_varGp01I": 0.0,
    "eyes_male_varGp01D": 0.4112056493759155,
    "eyes_male_varGp01F": 0.0,
    "eyes_male_varGp01H": 0.4517887234687805,
    "eyes_male_varGp01J": 0.0,
    "eyes_male_varGp01K": 0.0,
    "eyes_male_varGp01L": 0.0,
    "jaw_female_varGp01A": 0.0,
    "jaw_female_varGp01B": 0.0,
    "jaw_female_varGp01D": 0.0654635950922966,
    "jaw_female_varGp01F": 0.382661372423172,
    "jaw_female_varGp01H": 0.0,
    "jaw_female_varGp01K": 0.0,
    "jaw_male_varGp01A": 0.1052166223526001,
    "jaw_male_varGp01D": 0.0,
    "jaw_male_varGp01E": 0.0,
    "jaw_male_varGp01H": 0.0,
    "jaw_male_varGp01K": 0.0,
    "jaw_male_varGp01L": 0.4466584324836731,
    "lips_female_varGp01C": 0.0,
    "lips_female_varGp01D": 0.0,
    "lips_female_varGp01E": 0.0,
    "lips_female_varGp01F": 0.0,
    "lips_female_varGp01I": 0.0,
    "lips_female_varGp01J": 0.0,
    "lips_male_varGp01D": 0.0,
    "lips_male_varGp01F": 0.0,
    "lips_male_varGp01G": 0.0,
    "lips_male_varGp01H": 0.0,
    "lips_male_varGp01I": 0.5925967693328857,
    "lips_male_varGp01K": 0.40740326046943665,
    "nose_female_varGp01A": 0.2202615886926651,
    "nose_female_varGp01C": 0.11630477011203766,
    "nose_female_varGp01D": 0.3237229585647583,
    "nose_female_varGp01F": 0.0,
    "nose_female_varGp01H": 0.33971071243286133,
    "nose_female_varGp01K": 0.0,
    "nose_male_varGp01A": 0.0,
    "nose_male_varGp01D": 0.0,
    "nose_male_varGp01E": 0.0,
    "nose_male_varGp01G": 0.0,
    "nose_male_varGp01I": 0.0,
    "nose_male_varGp01K": 0.0
  },
  "expression_shapes": {
    "BROW_LOWERER_L": 0.0,
    "BROW_LOWERER_R": 0.0,
    "CHEEK_PUFF_L": 0.03305015712976456,
    "CHEEK_PUFF_R": 0.03305015712976456,
    "CHEEK_RAISER_L": 0.0,
    "CHEEK_RAISER_R": 0.0,
    "CHEEK_SUCK_L": 0.0,
    "CHEEK_SUCK_R": 0.0,
    "CHIN_DEPRESSOR_B": 0.0,
    "CHIN_RAISER_B": 0.0,
    "CHIN_RAISER_T": 0.0,
    "DIMPLER_L": 0.0,
    "DIMPLER_R": 0.0,
    "EYES_CLOSED_L": 0.0,
    "EYES_CLOSED_R": 0.0,
    "EYES_LOOK_DOWN_L": 0.0,
    "EYES_LOOK_DOWN_R": 0.0,
    "EYES_LOOK_LEFT_L": 0.0,
    "EYES_LOOK_LEFT_R": 0.0,
    "EYES_LOOK_RIGHT_L": 0.0,
    "EYES_LOOK_RIGHT_R": 0.0,
    "EYES_LOOK_UP_L": 0.0,
    "EYES_LOOK_UP_R": 0.0,
    "INNER_BROW_CONTRACTOR_L": 0.0,
    "INNER_BROW_CONTRACTOR_R": 0.0,
    "INNER_BROW_RAISER_L": 0.0,
    "INNER_BROW_RAISER_R": 0.0,
    "JAW_COMPRESSOR": 0.0,
    "JAW_DROP": 0.0,
    "JAW_RETREAT": 0.0,
    "JAW_SIDEWAYS_LEFT": 0.0,
    "JAW_SIDEWAYS_RIGHT": 0.0,
    "JAW_THRUST": 0.0,
    "LID_TIGHTENER_L": 0.0,
    "LID_TIGHTENER_R": 0.0,
    "LIPS_TOWARD": 0.0,
    "LIP_CORNER_DEPRESSOR_L": 0.0,
    "LIP_CORNER_DEPRESSOR_R": 0.0,
    "LIP_CORNER_PULLER_L": 0.0,
    "LIP_CORNER_PULLER_R": 0.0,
    "LIP_FUNNELER_LB": 0.0,
    "LIP_FUNNELER_LT": 0.0,
    "LIP_FUNNELER_RB": 0.0,
    "LIP_FUNNELER_RT": 0.0,
    "LIP_PRESSOR_L": 0.0,
    "LIP_PRESSOR_R": 0.0,
    "LIP_PUCKER_L": 0.0,
    "LIP_PUCKER_R": 0.0,
    "LIP_STRETCHER_L": 0.0,
    "LIP_STRETCHER_R": 0.0,
    "LIP_SUCK_LB": 0.0,
    "LIP_SUCK_LT": 0.0,
    "LIP_SUCK_RB": 0.0,
    "LIP_SUCK_RT": 0.0,
    "LIP_TIGHTENER_L": 0.0,
    "LIP_TIGHTENER_R": 0.0,
    "LOWER_LIP_DEPRESSOR_L": 0.0,
    "LOWER_LIP_DEPRESSOR_R": 0.0,
    "MOUTH_LEFT": 0.0,
    "MOUTH_LOWERER": 0.0,
    "MOUTH_RAISER": 0.0,
    "MOUTH_RIGHT": 0.0,
    "NOSE_WRINKLER_L": 0.0,
    "NOSE_WRINKLER_R": 0.0,
    "OUTER_BROW_RAISER_L": 0.0,
    "OUTER_BROW_RAISER_R": 0.0,
    "UPPER_LID_RAISER_L": 0.0,
    "UPPER_LID_RAISER_R": 0.0,
    "UPPER_LIP_RAISER_L": 0.0,
    "UPPER_LIP_RAISER_R": 0.0
  },
  "rules_snapshot": {}
}