{
  "version": 1,
  "timestamp": "2026-03-30T17:30:53",
  "frame": 16,
  "label": "issue",
  "note": "Eye rotation is unnatractive. Nos lenght (forward) is bad.",
  "chaos_joints": {
    "JawBind": {
      "location": [
        0.0,
        0.0,
        0.0
      ],
      "rotation_quaternion": [
        1.0,
        0.0,
        0.0,
        0.0
      ],
      "scale": [
        0.9198774099349976,
        1.0493760108947754,
        1.0
      ]
    },
    "MouthBind": {
      "location": [
        0.0,
        0.0,
        0.0
      ],
      "rotation_quaternion": [
        1.0,
        0.0,
        0.0,
        0.0
      ],
      "scale": [
        1.0213226079940796,
        1.3164873123168945,
        1.0
      ]
    },
    "MouthInnerBind": {
      "location": [
        0.0,
        1.3744541320193093e-05,
        0.0
      ],
      "rotation_quaternion": [
        1.0,
        0.0,
        0.0,
        0.0
      ],
      "scale": [
        0.9893393516540527,
        1.03681480884552,
        1.0
      ]
    },
    "NoseBind": {
      "location": [
        0.0,
        0.0018023744923993945,
        0.0
      ],
      "rotation_quaternion": [
        0.9996669292449951,
        0.025807106867432594,
        0.0,
        0.0
      ],
      "scale": [
        0.915710985660553,
        1.0490257740020752,
        1.213363766670227
      ]
    },
    "LeftBrowBind": {
      "location": [
        6.297024083323777e-05,
        0.0,
        0.0
      ],
      "rotation_quaternion": [
        0.999902069568634,
        0.010422731749713421,
        0.009339168667793274,
        -9.734919149195775e-05
      ],
      "scale": [
        1.009993553161621,
        0.9249410033226013,
        1.0
      ]
    },
    "RightBrowBind": {
      "location": [
        -6.297024083323777e-05,
        0.0,
        0.0
      ],
      "rotation_quaternion": [
        0.999902069568634,
        0.010422731749713421,
        -0.009339168667793274,
        9.734919149195775e-05
      ],
      "scale": [
        1.009993553161621,
        0.9249410033226013,
        1.0
      ]
    },
    "RightEyeSocketBind": {
      "location": [
        0.0021274529863148928,
        -0.002361404011026025,
        0.0
      ],
      "rotation_quaternion": [
        0.997631311416626,
        0.0,
        0.0,
        0.06878809630870819
      ],
      "scale": [
        1.0013755559921265,
        0.9262427091598511,
        1.0
      ]
    },
    "LeftEyeSocketBind": {
      "location": [
        -0.0021274529863148928,
        -0.002361404011026025,
        0.0
      ],
      "rotation_quaternion": [
        0.997631311416626,
        0.0,
        0.0,
        -0.06878809630870819
      ],
      "scale": [
        1.0013755559921265,
        0.9262427091598511,
        1.0
      ]
    },
    "FaceBind": {
      "location": [
        0.0,
        -0.0015748199075460434,
        -3.9526323234895244e-05
      ],
      "rotation_quaternion": [
        1.0,
        0.0,
        0.0,
        0.0
      ],
      "scale": [
        1.0139269828796387,
        1.0188370943069458,
        0.9892071485519409
      ]
    },
    "NeckBind": {
      "location": [
        0.0,
        0.0,
        0.0
      ],
      "rotation_quaternion": [
        1.0,
        0.0,
        0.0,
        0.0
      ],
      "scale": [
        1.0982552766799927,
        1.0,
        1.0620759725570679
      ]
    }
  },
  "variation_shapes": {
    "eyes_female_varGp01A": 0.4184974730014801,
    "eyes_female_varGp01B": 0.0,
    "eyes_female_varGp01C": 0.2858307659626007,
    "eyes_female_varGp01E": 0.0,
    "eyes_female_varGp01G": 0.0,
    "eyes_female_varGp01I": 0.17881809175014496,
    "eyes_male_varGp01D": 0.11685366928577423,
    "eyes_male_varGp01F": 0.0,
    "eyes_male_varGp01H": 0.0,
    "eyes_male_varGp01J": 0.0,
    "eyes_male_varGp01K": 0.0,
    "eyes_male_varGp01L": 0.0,
    "jaw_female_varGp01A": 0.321772038936615,
    "jaw_female_varGp01B": 0.678227961063385,
    "jaw_female_varGp01D": 0.0,
    "jaw_female_varGp01F": 0.0,
    "jaw_female_varGp01H": 0.0,
    "jaw_female_varGp01K": 0.0,
    "jaw_male_varGp01A": 0.0,
    "jaw_male_varGp01D": 0.0,
    "jaw_male_varGp01E": 0.0,
    "jaw_male_varGp01H": 0.0,
    "jaw_male_varGp01K": 0.0,
    "jaw_male_varGp01L": 0.0,
    "lips_female_varGp01C": 0.11390287429094315,
    "lips_female_varGp01D": 0.0,
    "lips_female_varGp01E": 0.2921702563762665,
    "lips_female_varGp01F": 0.0,
    "lips_female_varGp01I": 0.0,
    "lips_female_varGp01J": 0.0,
    "lips_male_varGp01D": 0.0,
    "lips_male_varGp01F": 0.0,
    "lips_male_varGp01G": 0.0,
    "lips_male_varGp01H": 0.0,
    "lips_male_varGp01I": 0.3147431015968323,
    "lips_male_varGp01K": 0.2791837751865387,
    "nose_female_varGp01A": 0.0,
    "nose_female_varGp01C": 0.0,
    "nose_female_varGp01D": 0.0,
    "nose_female_varGp01F": 0.0,
    "nose_female_varGp01H": 0.0,
    "nose_female_varGp01K": 0.0,
    "nose_male_varGp01A": 0.0,
    "nose_male_varGp01D": 1.0,
    "nose_male_varGp01E": 0.0,
    "nose_male_varGp01G": 0.0,
    "nose_male_varGp01I": 0.0,
    "nose_male_varGp01K": 0.0
  },
  "expression_shapes": {
    "BROW_LOWERER_L": 0.0,
    "BROW_LOWERER_R": 0.0,
    "CHEEK_PUFF_L": 0.004040694795548916,
    "CHEEK_PUFF_R": 0.004040694795548916,
    "CHEEK_RAISER_L": 0.0,
    "CHEEK_RAISER_R": 0.0,
    "CHEEK_SUCK_L": 0.0,
    "CHEEK_SUCK_R": 0.0,
    "CHIN_DEPRESSOR_B": 0.0,
    "CHIN_RAISER_B": 0.0,
    "CHIN_RAISER_T": 0.0,
    "DIMPLER_L": 0.0,
    "DIMPLER_R": 0.0,
    "EYES_CLOSED_L": 0.0,
    "EYES_CLOSED_R": 0.0,
    "EYES_LOOK_DOWN_L": 0.0,
    "EYES_LOOK_DOWN_R": 0.0,
    "EYES_LOOK_LEFT_L": 0.0,
    "EYES_LOOK_LEFT_R": 0.0,
    "EYES_LOOK_RIGHT_L": 0.0,
    "EYES_LOOK_RIGHT_R": 0.0,
    "EYES_LOOK_UP_L": 0.0,
    "EYES_LOOK_UP_R": 0.0,
    "INNER_BROW_CONTRACTOR_L": 0.0,
    "INNER_BROW_CONTRACTOR_R": 0.0,
    "INNER_BROW_RAISER_L": 0.0,
    "INNER_BROW_RAISER_R": 0.0,
    "JAW_COMPRESSOR": 0.0,
    "JAW_DROP": 0.0,
    "JAW_RETREAT": 0.0,
    "JAW_SIDEWAYS_LEFT": 0.0,
    "JAW_SIDEWAYS_RIGHT": 0.0,
    "JAW_THRUST": 0.0,
    "LID_TIGHTENER_L": 0.0,
    "LID_TIGHTENER_R": 0.0,
    "LIPS_TOWARD": 0.0,
    "LIP_CORNER_DEPRESSOR_L": 0.0,
    "LIP_CORNER_DEPRESSOR_R": 0.0,
    "LIP_CORNER_PULLER_L": 0.0,
    "LIP_CORNER_PULLER_R": 0.0,
    "LIP_FUNNELER_LB": 0.0,
    "LIP_FUNNELER_LT": 0.0,
    "LIP_FUNNELER_RB": 0.0,
    "LIP_FUNNELER_RT": 0.0,
    "LIP_PRESSOR_L": 0.0,
    "LIP_PRESSOR_R": 0.0,
    "LIP_PUCKER_L": 0.0,
    "LIP_PUCKER_R": 0.0,
    "LIP_STRETCHER_L": 0.0,
    "LIP_STRETCHER_R": 0.0,
    "LIP_SUCK_LB": 0.0,
    "LIP_SUCK_LT": 0.0,
    "LIP_SUCK_RB": 0.0,
    "LIP_SUCK_RT": 0.0,
    "LIP_TIGHTENER_L": 0.0,
    "LIP_TIGHTENER_R": 0.0,
    "LOWER_LIP_DEPRESSOR_L": 0.0,
    "LOWER_LIP_DEPRESSOR_R": 0.0,
    "MOUTH_LEFT": 0.0,
    "MOUTH_LOWERER": 0.0,
    "MOUTH_RAISER": 0.0,
    "MOUTH_RIGHT": 0.0,
    "NOSE_WRINKLER_L": 0.0,
    "NOSE_WRINKLER_R": 0.0,
    "OUTER_BROW_RAISER_L": 0.0,
    "OUTER_BROW_RAISER_R": 0.0,
    "UPPER_LID_RAISER_L": 0.0,
    "UPPER_LID_RAISER_R": 0.0,
    "UPPER_LIP_RAISER_L": 0.0,
    "UPPER_LIP_RAISER_R": 0.0
  },
  "rules_snapshot": {}
}