{
  "version": 1,
  "timestamp": "2026-03-30T18:10:26",
  "frame": 90,
  "label": "issue",
  "note": "Nose is a bit small and long while the eyes are to, large",
  "chaos_joints": {
    "JawBind": {
      "location": [
        0.0,
        0.0,
        0.0
      ],
      "rotation_quaternion": [
        1.0,
        0.0,
        0.0,
        0.0
      ],
      "scale": [
        0.9639173150062561,
        0.9593560099601746,
        1.0
      ]
    },
    "MouthBind": {
      "location": [
        0.0,
        0.0,
        0.0
      ],
      "rotation_quaternion": [
        1.0,
        0.0,
        0.0,
        0.0
      ],
      "scale": [
        0.8554027676582336,
        0.9907509088516235,
        1.0
      ]
    },
    "MouthInnerBind": {
      "location": [
        0.0,
        -0.00044523432734422386,
        0.0
      ],
      "rotation_quaternion": [
        1.0,
        0.0,
        0.0,
        0.0
      ],
      "scale": [
        0.912544310092926,
        1.061622977256775,
        1.0
      ]
    },
    "NoseBind": {
      "location": [
        0.0,
        0.002895906800404191,
        0.0
      ],
      "rotation_quaternion": [
        0.9973719120025635,
        -0.07245194911956787,
        0.0,
        0.0
      ],
      "scale": [
        1.1158267259597778,
        0.8381602168083191,
        1.148474097251892
      ]
    },
    "LeftBrowBind": {
      "location": [
        0.0007452680729329586,
        0.0,
        0.0
      ],
      "rotation_quaternion": [
        0.9995940923690796,
        -0.023328734561800957,
        -0.016349539160728455,
        -0.00038156897062435746
      ],
      "scale": [
        0.9881441593170166,
        1.0735194683074951,
        1.0
      ]
    },
    "RightBrowBind": {
      "location": [
        -0.0007452680729329586,
        0.0,
        0.0
      ],
      "rotation_quaternion": [
        0.9995940923690796,
        -0.023328734561800957,
        0.016349539160728455,
        0.00038156897062435746
      ],
      "scale": [
        0.9881441593170166,
        1.0735194683074951,
        1.0
      ]
    },
    "RightEyeSocketBind": {
      "location": [
        -0.0031960296910256147,
        -0.0022058847825974226,
        0.0
      ],
      "rotation_quaternion": [
        0.9999990463256836,
        0.0,
        0.0,
        -0.0013658982934430242
      ],
      "scale": [
        1.0792698860168457,
        0.9958407282829285,
        1.0
      ]
    },
    "LeftEyeSocketBind": {
      "location": [
        0.0031960296910256147,
        -0.0022058847825974226,
        0.0
      ],
      "rotation_quaternion": [
        0.9999990463256836,
        0.0,
        0.0,
        0.0013658982934430242
      ],
      "scale": [
        1.0792698860168457,
        0.9958407282829285,
        1.0
      ]
    },
    "FaceBind": {
      "location": [
        0.0,
        0.0005667415680363774,
        0.0032432402949780226
      ],
      "rotation_quaternion": [
        1.0,
        0.0,
        0.0,
        0.0
      ],
      "scale": [
        1.0011008977890015,
        1.0131213665008545,
        0.9808716773986816
      ]
    },
    "NeckBind": {
      "location": [
        0.0,
        0.0,
        0.0
      ],
      "rotation_quaternion": [
        1.0,
        0.0,
        0.0,
        0.0
      ],
      "scale": [
        1.1315022706985474,
        1.0,
        0.8773134350776672
      ]
    }
  },
  "variation_shapes": {
    "eyes_female_varGp01A": 0.0,
    "eyes_female_varGp01B": 0.0,
    "eyes_female_varGp01C": 0.6083810925483704,
    "eyes_female_varGp01E": 0.0,
    "eyes_female_varGp01G": 0.0,
    "eyes_female_varGp01I": 0.0,
    "eyes_male_varGp01D": 0.391618937253952,
    "eyes_male_varGp01F": 0.0,
    "eyes_male_varGp01H": 0.0,
    "eyes_male_varGp01J": 0.0,
    "eyes_male_varGp01K": 0.0,
    "eyes_male_varGp01L": 0.0,
    "jaw_female_varGp01A": 0.0,
    "jaw_female_varGp01B": 0.0,
    "jaw_female_varGp01D": 0.0,
    "jaw_female_varGp01F": 0.0,
    "jaw_female_varGp01H": 0.0,
    "jaw_female_varGp01K": 0.0,
    "jaw_male_varGp01A": 0.07754337787628174,
    "jaw_male_varGp01D": 0.4234181046485901,
    "jaw_male_varGp01E": 0.3468337953090668,
    "jaw_male_varGp01H": 0.0,
    "jaw_male_varGp01K": 0.0,
    "jaw_male_varGp01L": 0.1522047370672226,
    "lips_female_varGp01C": 0.0017805324168875813,
    "lips_female_varGp01D": 0.30896878242492676,
    "lips_female_varGp01E": 0.0,
    "lips_female_varGp01F": 0.36478322744369507,
    "lips_female_varGp01I": 0.0,
    "lips_female_varGp01J": 0.3244674503803253,
    "lips_male_varGp01D": 0.0,
    "lips_male_varGp01F": 0.0,
    "lips_male_varGp01G": 0.0,
    "lips_male_varGp01H": 0.0,
    "lips_male_varGp01I": 0.0,
    "lips_male_varGp01K": 0.0,
    "nose_female_varGp01A": 0.0,
    "nose_female_varGp01C": 0.0,
    "nose_female_varGp01D": 0.0,
    "nose_female_varGp01F": 0.5053439736366272,
    "nose_female_varGp01H": 0.0,
    "nose_female_varGp01K": 0.0,
    "nose_male_varGp01A": 0.0,
    "nose_male_varGp01D": 0.0,
    "nose_male_varGp01E": 0.0,
    "nose_male_varGp01G": 0.4946559965610504,
    "nose_male_varGp01I": 0.0,
    "nose_male_varGp01K": 0.0
  },
  "expression_shapes": {
    "BROW_LOWERER_L": 0.0,
    "BROW_LOWERER_R": 0.0,
    "CHEEK_PUFF_L": 0.04071338102221489,
    "CHEEK_PUFF_R": 0.04071338102221489,
    "CHEEK_RAISER_L": 0.0,
    "CHEEK_RAISER_R": 0.0,
    "CHEEK_SUCK_L": 0.0,
    "CHEEK_SUCK_R": 0.0,
    "CHIN_DEPRESSOR_B": 0.0,
    "CHIN_RAISER_B": 0.0,
    "CHIN_RAISER_T": 0.0,
    "DIMPLER_L": 0.0,
    "DIMPLER_R": 0.0,
    "EYES_CLOSED_L": 0.0,
    "EYES_CLOSED_R": 0.0,
    "EYES_LOOK_DOWN_L": 0.0,
    "EYES_LOOK_DOWN_R": 0.0,
    "EYES_LOOK_LEFT_L": 0.0,
    "EYES_LOOK_LEFT_R": 0.0,
    "EYES_LOOK_RIGHT_L": 0.0,
    "EYES_LOOK_RIGHT_R": 0.0,
    "EYES_LOOK_UP_L": 0.0,
    "EYES_LOOK_UP_R": 0.0,
    "INNER_BROW_CONTRACTOR_L": 0.0,
    "INNER_BROW_CONTRACTOR_R": 0.0,
    "INNER_BROW_RAISER_L": 0.0,
    "INNER_BROW_RAISER_R": 0.0,
    "JAW_COMPRESSOR": 0.0,
    "JAW_DROP": 0.0,
    "JAW_RETREAT": 0.0,
    "JAW_SIDEWAYS_LEFT": 0.0,
    "JAW_SIDEWAYS_RIGHT": 0.0,
    "JAW_THRUST": 0.0,
    "LID_TIGHTENER_L": 0.0,
    "LID_TIGHTENER_R": 0.0,
    "LIPS_TOWARD": 0.0,
    "LIP_CORNER_DEPRESSOR_L": 0.0,
    "LIP_CORNER_DEPRESSOR_R": 0.0,
    "LIP_CORNER_PULLER_L": 0.0,
    "LIP_CORNER_PULLER_R": 0.0,
    "LIP_FUNNELER_LB": 0.0,
    "LIP_FUNNELER_LT": 0.0,
    "LIP_FUNNELER_RB": 0.0,
    "LIP_FUNNELER_RT": 0.0,
    "LIP_PRESSOR_L": 0.0,
    "LIP_PRESSOR_R": 0.0,
    "LIP_PUCKER_L": 0.0,
    "LIP_PUCKER_R": 0.0,
    "LIP_STRETCHER_L": 0.0,
    "LIP_STRETCHER_R": 0.0,
    "LIP_SUCK_LB": 0.0,
    "LIP_SUCK_LT": 0.0,
    "LIP_SUCK_RB": 0.0,
    "LIP_SUCK_RT": 0.0,
    "LIP_TIGHTENER_L": 0.0,
    "LIP_TIGHTENER_R": 0.0,
    "LOWER_LIP_DEPRESSOR_L": 0.0,
    "LOWER_LIP_DEPRESSOR_R": 0.0,
    "MOUTH_LEFT": 0.0,
    "MOUTH_LOWERER": 0.0,
    "MOUTH_RAISER": 0.0,
    "MOUTH_RIGHT": 0.0,
    "NOSE_WRINKLER_L": 0.0,
    "NOSE_WRINKLER_R": 0.0,
    "OUTER_BROW_RAISER_L": 0.0,
    "OUTER_BROW_RAISER_R": 0.0,
    "UPPER_LID_RAISER_L": 0.0,
    "UPPER_LID_RAISER_R": 0.0,
    "UPPER_LIP_RAISER_L": 0.0,
    "UPPER_LIP_RAISER_R": 0.0
  },
  "rules_snapshot": {}
}