{
  "version": 1,
  "timestamp": "2026-03-30T17:27:45",
  "frame": 10,
  "label": "issue",
  "note": "Head is very good accept the nose is far to long, likely a forward scale issue on nose joint comapred to the rest of the faces more demure features",
  "chaos_joints": {
    "JawBind": {
      "location": [
        0.0,
        0.0,
        0.0
      ],
      "rotation_quaternion": [
        1.0,
        0.0,
        0.0,
        0.0
      ],
      "scale": [
        0.998384952545166,
        1.0498790740966797,
        1.0
      ]
    },
    "MouthBind": {
      "location": [
        0.0,
        0.0,
        0.0
      ],
      "rotation_quaternion": [
        1.0,
        0.0,
        0.0,
        0.0
      ],
      "scale": [
        0.987065315246582,
        0.9519679546356201,
        1.0
      ]
    },
    "MouthInnerBind": {
      "location": [
        0.0,
        0.0003439081192482263,
        0.0
      ],
      "rotation_quaternion": [
        1.0,
        0.0,
        0.0,
        0.0
      ],
      "scale": [
        0.9705843329429626,
        0.9834829568862915,
        1.0
      ]
    },
    "NoseBind": {
      "location": [
        0.0,
        0.004563604015856981,
        0.0
      ],
      "rotation_quaternion": [
        0.9999849796295166,
        0.005475539248436689,
        0.0,
        0.0
      ],
      "scale": [
        0.9716393351554871,
        0.7657367587089539,
        1.2327841520309448
      ]
    },
    "LeftBrowBind": {
      "location": [
        -0.0002201931201852858,
        0.0,
        0.0
      ],
      "rotation_quaternion": [
        0.9990552663803101,
        -0.04325272515416145,
        0.004208358936011791,
        0.00018219510093331337
      ],
      "scale": [
        1.0030450820922852,
        0.9819081425666809,
        1.0
      ]
    },
    "RightBrowBind": {
      "location": [
        0.0002201931201852858,
        0.0,
        0.0
      ],
      "rotation_quaternion": [
        0.9990552663803101,
        -0.04325272515416145,
        -0.004208358936011791,
        -0.00018219510093331337
      ],
      "scale": [
        1.0030450820922852,
        0.9819081425666809,
        1.0
      ]
    },
    "RightEyeSocketBind": {
      "location": [
        0.003832488553598523,
        0.00010411280527478084,
        0.0
      ],
      "rotation_quaternion": [
        0.9972796440124512,
        0.0,
        0.0,
        -0.07371125370264053
      ],
      "scale": [
        0.9745962023735046,
        1.0349345207214355,
        1.0
      ]
    },
    "LeftEyeSocketBind": {
      "location": [
        -0.003832488553598523,
        0.00010411280527478084,
        0.0
      ],
      "rotation_quaternion": [
        0.9972796440124512,
        0.0,
        0.0,
        0.07371125370264053
      ],
      "scale": [
        0.9745962023735046,
        1.0349345207214355,
        1.0
      ]
    },
    "FaceBind": {
      "location": [
        0.0,
        0.004300067201256752,
        -0.0007080518989823759
      ],
      "rotation_quaternion": [
        1.0,
        0.0,
        0.0,
        0.0
      ],
      "scale": [
        0.9915255308151245,
        0.9957104921340942,
        0.9818703532218933
      ]
    },
    "NeckBind": {
      "location": [
        0.0,
        0.0,
        0.0
      ],
      "rotation_quaternion": [
        1.0,
        0.0,
        0.0,
        0.0
      ],
      "scale": [
        0.8588463068008423,
        1.0,
        1.0235984325408936
      ]
    }
  },
  "variation_shapes": {
    "eyes_female_varGp01A": 0.10774830728769302,
    "eyes_female_varGp01B": 0.6007680892944336,
    "eyes_female_varGp01C": 0.0,
    "eyes_female_varGp01E": 0.0,
    "eyes_female_varGp01G": 0.0,
    "eyes_female_varGp01I": 0.0,
    "eyes_male_varGp01D": 0.0,
    "eyes_male_varGp01F": 0.0,
    "eyes_male_varGp01H": 0.0,
    "eyes_male_varGp01J": 0.29148364067077637,
    "eyes_male_varGp01K": 0.0,
    "eyes_male_varGp01L": 0.0,
    "jaw_female_varGp01A": 0.0,
    "jaw_female_varGp01B": 0.0,
    "jaw_female_varGp01D": 0.6608322858810425,
    "jaw_female_varGp01F": 0.0,
    "jaw_female_varGp01H": 0.0,
    "jaw_female_varGp01K": 0.0,
    "jaw_male_varGp01A": 0.0,
    "jaw_male_varGp01D": 0.16143092513084412,
    "jaw_male_varGp01E": 0.0,
    "jaw_male_varGp01H": 0.0,
    "jaw_male_varGp01K": 0.17773675918579102,
    "jaw_male_varGp01L": 0.0,
    "lips_female_varGp01C": 0.0,
    "lips_female_varGp01D": 0.20825883746147156,
    "lips_female_varGp01E": 0.7917411923408508,
    "lips_female_varGp01F": 0.0,
    "lips_female_varGp01I": 0.0,
    "lips_female_varGp01J": 0.0,
    "lips_male_varGp01D": 0.0,
    "lips_male_varGp01F": 0.0,
    "lips_male_varGp01G": 0.0,
    "lips_male_varGp01H": 0.0,
    "lips_male_varGp01I": 0.0,
    "lips_male_varGp01K": 0.0,
    "nose_female_varGp01A": 0.20012736320495605,
    "nose_female_varGp01C": 0.2947925925254822,
    "nose_female_varGp01D": 0.0,
    "nose_female_varGp01F": 0.0,
    "nose_female_varGp01H": 0.22730280458927155,
    "nose_female_varGp01K": 0.0,
    "nose_male_varGp01A": 0.0,
    "nose_male_varGp01D": 0.0,
    "nose_male_varGp01E": 0.2777772545814514,
    "nose_male_varGp01G": 0.0,
    "nose_male_varGp01I": 0.0,
    "nose_male_varGp01K": 0.0
  },
  "expression_shapes": {
    "BROW_LOWERER_L": 0.0,
    "BROW_LOWERER_R": 0.0,
    "CHEEK_PUFF_L": 0.29936423897743225,
    "CHEEK_PUFF_R": 0.29936423897743225,
    "CHEEK_RAISER_L": 0.0,
    "CHEEK_RAISER_R": 0.0,
    "CHEEK_SUCK_L": 0.0,
    "CHEEK_SUCK_R": 0.0,
    "CHIN_DEPRESSOR_B": 0.0,
    "CHIN_RAISER_B": 0.0,
    "CHIN_RAISER_T": 0.0,
    "DIMPLER_L": 0.0,
    "DIMPLER_R": 0.0,
    "EYES_CLOSED_L": 0.0,
    "EYES_CLOSED_R": 0.0,
    "EYES_LOOK_DOWN_L": 0.0,
    "EYES_LOOK_DOWN_R": 0.0,
    "EYES_LOOK_LEFT_L": 0.0,
    "EYES_LOOK_LEFT_R": 0.0,
    "EYES_LOOK_RIGHT_L": 0.0,
    "EYES_LOOK_RIGHT_R": 0.0,
    "EYES_LOOK_UP_L": 0.0,
    "EYES_LOOK_UP_R": 0.0,
    "INNER_BROW_CONTRACTOR_L": 0.0,
    "INNER_BROW_CONTRACTOR_R": 0.0,
    "INNER_BROW_RAISER_L": 0.0,
    "INNER_BROW_RAISER_R": 0.0,
    "JAW_COMPRESSOR": 0.0,
    "JAW_DROP": 0.0,
    "JAW_RETREAT": 0.0,
    "JAW_SIDEWAYS_LEFT": 0.0,
    "JAW_SIDEWAYS_RIGHT": 0.0,
    "JAW_THRUST": 0.0,
    "LID_TIGHTENER_L": 0.0,
    "LID_TIGHTENER_R": 0.0,
    "LIPS_TOWARD": 0.0,
    "LIP_CORNER_DEPRESSOR_L": 0.0,
    "LIP_CORNER_DEPRESSOR_R": 0.0,
    "LIP_CORNER_PULLER_L": 0.0,
    "LIP_CORNER_PULLER_R": 0.0,
    "LIP_FUNNELER_LB": 0.0,
    "LIP_FUNNELER_LT": 0.0,
    "LIP_FUNNELER_RB": 0.0,
    "LIP_FUNNELER_RT": 0.0,
    "LIP_PRESSOR_L": 0.0,
    "LIP_PRESSOR_R": 0.0,
    "LIP_PUCKER_L": 0.0,
    "LIP_PUCKER_R": 0.0,
    "LIP_STRETCHER_L": 0.0,
    "LIP_STRETCHER_R": 0.0,
    "LIP_SUCK_LB": 0.0,
    "LIP_SUCK_LT": 0.0,
    "LIP_SUCK_RB": 0.0,
    "LIP_SUCK_RT": 0.0,
    "LIP_TIGHTENER_L": 0.0,
    "LIP_TIGHTENER_R": 0.0,
    "LOWER_LIP_DEPRESSOR_L": 0.0,
    "LOWER_LIP_DEPRESSOR_R": 0.0,
    "MOUTH_LEFT": 0.0,
    "MOUTH_LOWERER": 0.0,
    "MOUTH_RAISER": 0.0,
    "MOUTH_RIGHT": 0.0,
    "NOSE_WRINKLER_L": 0.0,
    "NOSE_WRINKLER_R": 0.0,
    "OUTER_BROW_RAISER_L": 0.0,
    "OUTER_BROW_RAISER_R": 0.0,
    "UPPER_LID_RAISER_L": 0.0,
    "UPPER_LID_RAISER_R": 0.0,
    "UPPER_LIP_RAISER_L": 0.0,
    "UPPER_LIP_RAISER_R": 0.0
  },
  "rules_snapshot": {}
}