{
  "version": 1,
  "timestamp": "2026-03-30T18:04:35",
  "frame": 85,
  "label": "issue",
  "note": "Eye rotation looks fake",
  "chaos_joints": {
    "JawBind": {
      "location": [
        0.0,
        0.0,
        0.0
      ],
      "rotation_quaternion": [
        1.0,
        0.0,
        0.0,
        0.0
      ],
      "scale": [
        1.074902057647705,
        0.9846703410148621,
        1.0
      ]
    },
    "MouthBind": {
      "location": [
        0.0,
        0.0,
        0.0
      ],
      "rotation_quaternion": [
        1.0,
        0.0,
        0.0,
        0.0
      ],
      "scale": [
        1.0132451057434082,
        0.7668102383613586,
        1.0
      ]
    },
    "MouthInnerBind": {
      "location": [
        0.0,
        -0.0007164233247749507,
        0.0
      ],
      "rotation_quaternion": [
        1.0,
        0.0,
        0.0,
        0.0
      ],
      "scale": [
        1.0757735967636108,
        1.058431625366211,
        1.0
      ]
    },
    "NoseBind": {
      "location": [
        0.0,
        -0.00233579077757895,
        0.0
      ],
      "rotation_quaternion": [
        0.9982393980026245,
        0.05931391939520836,
        0.0,
        0.0
      ],
      "scale": [
        0.9263397455215454,
        1.1766023635864258,
        0.8704246878623962
      ]
    },
    "LeftBrowBind": {
      "location": [
        -0.0005557212862186134,
        0.0,
        0.0
      ],
      "rotation_quaternion": [
        0.9992052912712097,
        -0.03934201970696449,
        0.00639566732570529,
        0.0002518185938242823
      ],
      "scale": [
        1.0570051670074463,
        0.8306834697723389,
        1.0
      ]
    },
    "RightBrowBind": {
      "location": [
        0.0005557212862186134,
        0.0,
        0.0
      ],
      "rotation_quaternion": [
        0.9992052912712097,
        -0.03934201970696449,
        -0.00639566732570529,
        -0.0002518185938242823
      ],
      "scale": [
        1.0570051670074463,
        0.8306834697723389,
        1.0
      ]
    },
    "RightEyeSocketBind": {
      "location": [
        -0.0034746024757623672,
        -0.004821369424462318,
        0.0
      ],
      "rotation_quaternion": [
        0.9991410374641418,
        0.0,
        0.0,
        0.041438642889261246
      ],
      "scale": [
        1.0476468801498413,
        1.0721129179000854,
        1.0
      ]
    },
    "LeftEyeSocketBind": {
      "location": [
        0.0034746024757623672,
        -0.004821369424462318,
        0.0
      ],
      "rotation_quaternion": [
        0.9991410374641418,
        0.0,
        0.0,
        -0.041438642889261246
      ],
      "scale": [
        1.0476468801498413,
        1.0721129179000854,
        1.0
      ]
    },
    "FaceBind": {
      "location": [
        0.0,
        -0.004923875909298658,
        0.0002837666543200612
      ],
      "rotation_quaternion": [
        1.0,
        0.0,
        0.0,
        0.0
      ],
      "scale": [
        0.9814545512199402,
        0.9880190491676331,
        1.0035436153411865
      ]
    },
    "NeckBind": {
      "location": [
        0.0,
        0.0,
        0.0
      ],
      "rotation_quaternion": [
        1.0,
        0.0,
        0.0,
        0.0
      ],
      "scale": [
        0.9149500131607056,
        1.0,
        1.037109375
      ]
    }
  },
  "variation_shapes": {
    "eyes_female_varGp01A": 0.0,
    "eyes_female_varGp01B": 0.0,
    "eyes_female_varGp01C": 0.0,
    "eyes_female_varGp01E": 0.0,
    "eyes_female_varGp01G": 0.6613605618476868,
    "eyes_female_varGp01I": 0.0,
    "eyes_male_varGp01D": 0.0,
    "eyes_male_varGp01F": 0.0,
    "eyes_male_varGp01H": 0.06509511172771454,
    "eyes_male_varGp01J": 0.0,
    "eyes_male_varGp01K": 0.2735443413257599,
    "eyes_male_varGp01L": 0.0,
    "jaw_female_varGp01A": 0.42999765276908875,
    "jaw_female_varGp01B": 0.0,
    "jaw_female_varGp01D": 0.0,
    "jaw_female_varGp01F": 0.0,
    "jaw_female_varGp01H": 0.0,
    "jaw_female_varGp01K": 0.0,
    "jaw_male_varGp01A": 0.0,
    "jaw_male_varGp01D": 0.0,
    "jaw_male_varGp01E": 0.0,
    "jaw_male_varGp01H": 0.5700023770332336,
    "jaw_male_varGp01K": 0.0,
    "jaw_male_varGp01L": 0.0,
    "lips_female_varGp01C": 0.0,
    "lips_female_varGp01D": 0.15650054812431335,
    "lips_female_varGp01E": 0.0,
    "lips_female_varGp01F": 0.0,
    "lips_female_varGp01I": 0.0,
    "lips_female_varGp01J": 0.0,
    "lips_male_varGp01D": 0.0,
    "lips_male_varGp01F": 0.0,
    "lips_male_varGp01G": 0.0,
    "lips_male_varGp01H": 0.0,
    "lips_male_varGp01I": 0.0,
    "lips_male_varGp01K": 0.843499481678009,
    "nose_female_varGp01A": 0.0,
    "nose_female_varGp01C": 0.0,
    "nose_female_varGp01D": 0.0,
    "nose_female_varGp01F": 0.0,
    "nose_female_varGp01H": 0.5939100384712219,
    "nose_female_varGp01K": 0.13968338072299957,
    "nose_male_varGp01A": 0.2664065957069397,
    "nose_male_varGp01D": 0.0,
    "nose_male_varGp01E": 0.0,
    "nose_male_varGp01G": 0.0,
    "nose_male_varGp01I": 0.0,
    "nose_male_varGp01K": 0.0
  },
  "expression_shapes": {
    "BROW_LOWERER_L": 0.0,
    "BROW_LOWERER_R": 0.0,
    "CHEEK_PUFF_L": 0.08557292073965073,
    "CHEEK_PUFF_R": 0.08557292073965073,
    "CHEEK_RAISER_L": 0.0,
    "CHEEK_RAISER_R": 0.0,
    "CHEEK_SUCK_L": 0.0,
    "CHEEK_SUCK_R": 0.0,
    "CHIN_DEPRESSOR_B": 0.0,
    "CHIN_RAISER_B": 0.0,
    "CHIN_RAISER_T": 0.0,
    "DIMPLER_L": 0.0,
    "DIMPLER_R": 0.0,
    "EYES_CLOSED_L": 0.0,
    "EYES_CLOSED_R": 0.0,
    "EYES_LOOK_DOWN_L": 0.0,
    "EYES_LOOK_DOWN_R": 0.0,
    "EYES_LOOK_LEFT_L": 0.0,
    "EYES_LOOK_LEFT_R": 0.0,
    "EYES_LOOK_RIGHT_L": 0.0,
    "EYES_LOOK_RIGHT_R": 0.0,
    "EYES_LOOK_UP_L": 0.0,
    "EYES_LOOK_UP_R": 0.0,
    "INNER_BROW_CONTRACTOR_L": 0.0,
    "INNER_BROW_CONTRACTOR_R": 0.0,
    "INNER_BROW_RAISER_L": 0.0,
    "INNER_BROW_RAISER_R": 0.0,
    "JAW_COMPRESSOR": 0.0,
    "JAW_DROP": 0.0,
    "JAW_RETREAT": 0.0,
    "JAW_SIDEWAYS_LEFT": 0.0,
    "JAW_SIDEWAYS_RIGHT": 0.0,
    "JAW_THRUST": 0.0,
    "LID_TIGHTENER_L": 0.0,
    "LID_TIGHTENER_R": 0.0,
    "LIPS_TOWARD": 0.0,
    "LIP_CORNER_DEPRESSOR_L": 0.0,
    "LIP_CORNER_DEPRESSOR_R": 0.0,
    "LIP_CORNER_PULLER_L": 0.0,
    "LIP_CORNER_PULLER_R": 0.0,
    "LIP_FUNNELER_LB": 0.0,
    "LIP_FUNNELER_LT": 0.0,
    "LIP_FUNNELER_RB": 0.0,
    "LIP_FUNNELER_RT": 0.0,
    "LIP_PRESSOR_L": 0.0,
    "LIP_PRESSOR_R": 0.0,
    "LIP_PUCKER_L": 0.0,
    "LIP_PUCKER_R": 0.0,
    "LIP_STRETCHER_L": 0.0,
    "LIP_STRETCHER_R": 0.0,
    "LIP_SUCK_LB": 0.0,
    "LIP_SUCK_LT": 0.0,
    "LIP_SUCK_RB": 0.0,
    "LIP_SUCK_RT": 0.0,
    "LIP_TIGHTENER_L": 0.0,
    "LIP_TIGHTENER_R": 0.0,
    "LOWER_LIP_DEPRESSOR_L": 0.0,
    "LOWER_LIP_DEPRESSOR_R": 0.0,
    "MOUTH_LEFT": 0.0,
    "MOUTH_LOWERER": 0.0,
    "MOUTH_RAISER": 0.0,
    "MOUTH_RIGHT": 0.0,
    "NOSE_WRINKLER_L": 0.0,
    "NOSE_WRINKLER_R": 0.0,
    "OUTER_BROW_RAISER_L": 0.0,
    "OUTER_BROW_RAISER_R": 0.0,
    "UPPER_LID_RAISER_L": 0.0,
    "UPPER_LID_RAISER_R": 0.0,
    "UPPER_LIP_RAISER_L": 0.0,
    "UPPER_LIP_RAISER_R": 0.0
  },
  "rules_snapshot": {}
}