{
  "version": 1,
  "timestamp": "2026-03-30T17:44:50",
  "frame": 42,
  "label": "issue",
  "note": "Nose to long and to upturned",
  "chaos_joints": {
    "JawBind": {
      "location": [
        0.0,
        0.0,
        0.0
      ],
      "rotation_quaternion": [
        1.0,
        0.0,
        0.0,
        0.0
      ],
      "scale": [
        0.9214112758636475,
        0.9542185068130493,
        1.0
      ]
    },
    "MouthBind": {
      "location": [
        0.0,
        0.0,
        0.0
      ],
      "rotation_quaternion": [
        1.0,
        0.0,
        0.0,
        0.0
      ],
      "scale": [
        1.088381052017212,
        1.1317026615142822,
        1.0
      ]
    },
    "MouthInnerBind": {
      "location": [
        0.0,
        0.0008376670884899795,
        0.0
      ],
      "rotation_quaternion": [
        1.0,
        0.0,
        0.0,
        0.0
      ],
      "scale": [
        1.0015555620193481,
        0.9903432130813599,
        1.0
      ]
    },
    "NoseBind": {
      "location": [
        0.0,
        -0.004895098973065615,
        0.0
      ],
      "rotation_quaternion": [
        0.996889591217041,
        -0.0788104459643364,
        0.0,
        0.0
      ],
      "scale": [
        0.9031798839569092,
        0.840458869934082,
        1.2222405672073364
      ]
    },
    "LeftBrowBind": {
      "location": [
        0.0008262975024990737,
        0.0,
        0.0
      ],
      "rotation_quaternion": [
        0.9992654919624329,
        -0.03166033700108528,
        0.02157939225435257,
        0.0006837130058556795
      ],
      "scale": [
        1.092124581336975,
        1.0535883903503418,
        1.0
      ]
    },
    "RightBrowBind": {
      "location": [
        -0.0008262975024990737,
        0.0,
        0.0
      ],
      "rotation_quaternion": [
        0.9992654919624329,
        -0.03166033700108528,
        -0.02157939225435257,
        -0.0006837130058556795
      ],
      "scale": [
        1.092124581336975,
        1.0535883903503418,
        1.0
      ]
    },
    "RightEyeSocketBind": {
      "location": [
        -0.002009253017604351,
        0.003902870463207364,
        0.0
      ],
      "rotation_quaternion": [
        0.9982413053512573,
        0.0,
        0.0,
        -0.0592818446457386
      ],
      "scale": [
        0.9163458943367004,
        0.9010701775550842,
        1.0
      ]
    },
    "LeftEyeSocketBind": {
      "location": [
        0.002009253017604351,
        0.003902870463207364,
        0.0
      ],
      "rotation_quaternion": [
        0.9982413053512573,
        0.0,
        0.0,
        0.0592818446457386
      ],
      "scale": [
        0.9163458943367004,
        0.9010701775550842,
        1.0
      ]
    },
    "FaceBind": {
      "location": [
        0.0,
        0.0026702776085585356,
        -0.0005745298112742603
      ],
      "rotation_quaternion": [
        1.0,
        0.0,
        0.0,
        0.0
      ],
      "scale": [
        0.9937853813171387,
        1.0001499652862549,
        0.9946734309196472
      ]
    },
    "NeckBind": {
      "location": [
        0.0,
        0.0,
        0.0
      ],
      "rotation_quaternion": [
        1.0,
        0.0,
        0.0,
        0.0
      ],
      "scale": [
        1.0514897108078003,
        1.0,
        0.9849538207054138
      ]
    }
  },
  "variation_shapes": {
    "eyes_female_varGp01A": 0.0,
    "eyes_female_varGp01B": 0.0,
    "eyes_female_varGp01C": 0.3172704875469208,
    "eyes_female_varGp01E": 0.5883741974830627,
    "eyes_female_varGp01G": 0.0,
    "eyes_female_varGp01I": 0.0,
    "eyes_male_varGp01D": 0.09435532987117767,
    "eyes_male_varGp01F": 0.0,
    "eyes_male_varGp01H": 0.0,
    "eyes_male_varGp01J": 0.0,
    "eyes_male_varGp01K": 0.0,
    "eyes_male_varGp01L": 0.0,
    "jaw_female_varGp01A": 0.0,
    "jaw_female_varGp01B": 0.0,
    "jaw_female_varGp01D": 0.0,
    "jaw_female_varGp01F": 0.0,
    "jaw_female_varGp01H": 0.0,
    "jaw_female_varGp01K": 0.0,
    "jaw_male_varGp01A": 0.5601000189781189,
    "jaw_male_varGp01D": 0.0,
    "jaw_male_varGp01E": 0.0,
    "jaw_male_varGp01H": 0.0,
    "jaw_male_varGp01K": 0.0,
    "jaw_male_varGp01L": 0.4398999810218811,
    "lips_female_varGp01C": 0.0,
    "lips_female_varGp01D": 0.0,
    "lips_female_varGp01E": 0.0,
    "lips_female_varGp01F": 0.0,
    "lips_female_varGp01I": 0.0,
    "lips_female_varGp01J": 0.0,
    "lips_male_varGp01D": 0.0,
    "lips_male_varGp01F": 0.0,
    "lips_male_varGp01G": 0.0,
    "lips_male_varGp01H": 0.0,
    "lips_male_varGp01I": 0.0,
    "lips_male_varGp01K": 1.0,
    "nose_female_varGp01A": 0.0,
    "nose_female_varGp01C": 0.0,
    "nose_female_varGp01D": 0.0,
    "nose_female_varGp01F": 0.0,
    "nose_female_varGp01H": 0.0,
    "nose_female_varGp01K": 0.0,
    "nose_male_varGp01A": 0.0,
    "nose_male_varGp01D": 0.0,
    "nose_male_varGp01E": 1.0,
    "nose_male_varGp01G": 0.0,
    "nose_male_varGp01I": 0.0,
    "nose_male_varGp01K": 0.0
  },
  "expression_shapes": {
    "BROW_LOWERER_L": 0.0,
    "BROW_LOWERER_R": 0.0,
    "CHEEK_PUFF_L": 0.015253928489983082,
    "CHEEK_PUFF_R": 0.015253928489983082,
    "CHEEK_RAISER_L": 0.0,
    "CHEEK_RAISER_R": 0.0,
    "CHEEK_SUCK_L": 0.0,
    "CHEEK_SUCK_R": 0.0,
    "CHIN_DEPRESSOR_B": 0.0,
    "CHIN_RAISER_B": 0.0,
    "CHIN_RAISER_T": 0.0,
    "DIMPLER_L": 0.0,
    "DIMPLER_R": 0.0,
    "EYES_CLOSED_L": 0.0,
    "EYES_CLOSED_R": 0.0,
    "EYES_LOOK_DOWN_L": 0.0,
    "EYES_LOOK_DOWN_R": 0.0,
    "EYES_LOOK_LEFT_L": 0.0,
    "EYES_LOOK_LEFT_R": 0.0,
    "EYES_LOOK_RIGHT_L": 0.0,
    "EYES_LOOK_RIGHT_R": 0.0,
    "EYES_LOOK_UP_L": 0.0,
    "EYES_LOOK_UP_R": 0.0,
    "INNER_BROW_CONTRACTOR_L": 0.0,
    "INNER_BROW_CONTRACTOR_R": 0.0,
    "INNER_BROW_RAISER_L": 0.0,
    "INNER_BROW_RAISER_R": 0.0,
    "JAW_COMPRESSOR": 0.0,
    "JAW_DROP": 0.0,
    "JAW_RETREAT": 0.0,
    "JAW_SIDEWAYS_LEFT": 0.0,
    "JAW_SIDEWAYS_RIGHT": 0.0,
    "JAW_THRUST": 0.0,
    "LID_TIGHTENER_L": 0.0,
    "LID_TIGHTENER_R": 0.0,
    "LIPS_TOWARD": 0.0,
    "LIP_CORNER_DEPRESSOR_L": 0.0,
    "LIP_CORNER_DEPRESSOR_R": 0.0,
    "LIP_CORNER_PULLER_L": 0.0,
    "LIP_CORNER_PULLER_R": 0.0,
    "LIP_FUNNELER_LB": 0.0,
    "LIP_FUNNELER_LT": 0.0,
    "LIP_FUNNELER_RB": 0.0,
    "LIP_FUNNELER_RT": 0.0,
    "LIP_PRESSOR_L": 0.0,
    "LIP_PRESSOR_R": 0.0,
    "LIP_PUCKER_L": 0.0,
    "LIP_PUCKER_R": 0.0,
    "LIP_STRETCHER_L": 0.0,
    "LIP_STRETCHER_R": 0.0,
    "LIP_SUCK_LB": 0.0,
    "LIP_SUCK_LT": 0.0,
    "LIP_SUCK_RB": 0.0,
    "LIP_SUCK_RT": 0.0,
    "LIP_TIGHTENER_L": 0.0,
    "LIP_TIGHTENER_R": 0.0,
    "LOWER_LIP_DEPRESSOR_L": 0.0,
    "LOWER_LIP_DEPRESSOR_R": 0.0,
    "MOUTH_LEFT": 0.0,
    "MOUTH_LOWERER": 0.0,
    "MOUTH_RAISER": 0.0,
    "MOUTH_RIGHT": 0.0,
    "NOSE_WRINKLER_L": 0.0,
    "NOSE_WRINKLER_R": 0.0,
    "OUTER_BROW_RAISER_L": 0.0,
    "OUTER_BROW_RAISER_R": 0.0,
    "UPPER_LID_RAISER_L": 0.0,
    "UPPER_LID_RAISER_R": 0.0,
    "UPPER_LIP_RAISER_L": 0.0,
    "UPPER_LIP_RAISER_R": 0.0
  },
  "rules_snapshot": {}
}